DateTime;Players;Average Players
2011-11-30;680;
2011-12-01;;
2011-12-02;;
2011-12-03;;
2011-12-04;;
2011-12-05;;
2011-12-06;;
2011-12-07;;
2011-12-08;;
2011-12-09;;
2011-12-10;;
2011-12-11;;
2011-12-12;;
2011-12-13;;
2011-12-14;;
2011-12-15;;
2011-12-16;;
2011-12-17;;
2011-12-18;;
2011-12-19;;
2011-12-20;;
2011-12-21;;
2011-12-22;;
2011-12-23;;
2011-12-24;;
2011-12-25;;
2011-12-26;;
2011-12-27;;
2011-12-28;;
2011-12-29;;
2011-12-30;;
2011-12-31;;
2012-01-01;;
2012-01-02;;
2012-01-03;;
2012-01-04;;
2012-01-05;;
2012-01-06;;
2012-01-07;;
2012-01-08;;
2012-01-09;;
2012-01-10;;
2012-01-11;;
2012-01-12;;
2012-01-13;;
2012-01-14;;
2012-01-15;;
2012-01-16;;
2012-01-17;;
2012-01-18;;
2012-01-19;;
2012-01-20;;
2012-01-21;;
2012-01-22;;
2012-01-23;;
2012-01-24;;
2012-01-25;;
2012-01-26;;
2012-01-27;;
2012-01-28;;
2012-01-29;;
2012-01-30;;
2012-01-31;;
2012-02-01;;
2012-02-02;;
2012-02-03;;
2012-02-04;;
2012-02-05;;
2012-02-06;;
2012-02-07;;
2012-02-08;;
2012-02-09;;
2012-02-10;;
2012-02-11;;
2012-02-12;;
2012-02-13;;
2012-02-14;;
2012-02-15;;
2012-02-16;;
2012-02-17;;
2012-02-18;;
2012-02-19;;
2012-02-20;;
2012-02-21;;
2012-02-22;;
2012-02-23;;
2012-02-24;;
2012-02-25;;
2012-02-26;;
2012-02-27;;
2012-02-28;204;
2012-02-29;;
2012-03-01;;
2012-03-02;;
2012-03-03;;
2012-03-04;;
2012-03-05;;
2012-03-06;;
2012-03-07;;
2012-03-08;;
2012-03-09;460;
2012-03-10;;
2012-03-11;;
2012-03-12;;
2012-03-13;;
2012-03-14;;
2012-03-15;;
2012-03-16;728;
2012-03-17;678;
2012-03-18;570;
2012-03-19;448;
2012-03-20;225;
2012-03-21;421;
2012-03-22;653;
2012-03-23;1035;
2012-03-24;1081;
2012-03-25;848;
2012-03-26;700;
2012-03-27;572;
2012-03-28;537;
2012-03-29;1263;
2012-03-30;1238;
2012-03-31;1041;
2012-04-01;834;
2012-04-02;674;
2012-04-03;603;
2012-04-04;539;
2012-04-05;490;
2012-04-06;;
2012-04-07;;
2012-04-08;;
2012-04-09;;
2012-04-10;;
2012-04-11;;
2012-04-12;;
2012-04-13;1895;
2012-04-14;1899;
2012-04-15;1472;
2012-04-16;1122;
2012-04-17;903;
2012-04-18;896;
2012-04-19;793;
2012-04-20;1027;
2012-04-21;1135;
2012-04-22;876;
2012-04-23;742;
2012-04-24;654;
2012-04-25;620;
2012-04-26;574;
2012-04-27;1058;
2012-04-28;1036;
2012-04-29;927;
2012-04-30;739;
2012-05-01;657;
2012-05-02;596;
2012-05-03;586;
2012-05-04;720;
2012-05-05;716;
2012-05-06;691;
2012-05-07;562;
2012-05-08;488;
2012-05-09;450;
2012-05-10;465;
2012-05-11;1764;
2012-05-12;1498;
2012-05-13;1234;
2012-05-14;950;
2012-05-15;749;
2012-05-16;663;
2012-05-17;665;
2012-05-18;1829;
2012-05-19;1845;
2012-05-20;1389;
2012-05-21;2097;
2012-05-22;1985;
2012-05-23;1800;
2012-05-24;1457;
2012-05-25;1444;
2012-05-26;1310;
2012-05-27;1254;
2012-05-28;1158;
2012-05-29;1104;
2012-05-30;1083;
2012-05-31;968;
2012-06-01;2919;
2012-06-02;2732;
2012-06-03;2329;
2012-06-04;1987;
2012-06-05;1736;
2012-06-06;1619;
2012-06-07;1549;
2012-06-08;1381;
2012-06-09;1342;
2012-06-10;1282;
2012-06-11;1302;
2012-06-12;1219;
2012-06-13;1289;
2012-06-14;1147;
2012-06-15;1173;
2012-06-16;1194;
2012-06-17;1129;
2012-06-18;1096;
2012-06-19;1078;
2012-06-20;1228;
2012-06-21;1169;
2012-06-22;1359;
2012-06-23;2167;
2012-06-24;1440;
2012-06-25;1392;
2012-06-26;1232;
2012-06-27;937;
2012-06-28;1010;
2012-06-29;1123;
2012-06-30;1194;
2012-07-01;1642;
2012-07-02;1140;
2012-07-03;1117;
2012-07-04;1032;
2012-07-05;992;
2012-07-06;1870;
2012-07-07;1883;
2012-07-08;1883;
2012-07-09;1674;
2012-07-10;1501;
2012-07-11;1437;
2012-07-12;1972;
2012-07-13;1969;
2012-07-14;1882;
2012-07-15;1804;
2012-07-16;1666;
2012-07-17;1623;
2012-07-18;1543;
2012-07-19;1504;
2012-07-20;1395;
2012-07-21;1528;
2012-07-22;1451;
2012-07-23;1328;
2012-07-24;1315;
2012-07-25;1238;
2012-07-26;1155;
2012-07-27;1248;
2012-07-28;1473;
2012-07-29;1493;
2012-07-30;1451;
2012-07-31;1284;
2012-08-01;52261;
2012-08-02;1156;
2012-08-03;1209;
2012-08-04;1316;
2012-08-05;1275;
2012-08-06;1483;
2012-08-07;1585;
2012-08-08;1685;
2012-08-09;1581;
2012-08-10;2448;
2012-08-11;2599;
2012-08-12;2562;
2012-08-13;2766;
2012-08-14;32396;
2012-08-15;31446;
2012-08-16;28953;
2012-08-17;26875;
2012-08-18;31597;
2012-08-19;31284;
2012-08-20;52596;
2012-08-21;49418;
2012-08-22;45563;
2012-08-23;41807;
2012-08-24;40608;
2012-08-25;42936;
2012-08-26;40621;
2012-08-27;37754;
2012-08-28;35634;
2012-08-29;33207;
2012-08-30;31832;
2012-08-31;31747;
2012-09-01;36057;
2012-09-02;36870;
2012-09-03;33922;
2012-09-04;29302;
2012-09-05;28446;
2012-09-06;26028;
2012-09-07;16992;
2012-09-08;16992;
2012-09-09;29223;
2012-09-10;26599;
2012-09-11;26739;
2012-09-12;25895;
2012-09-13;25290;
2012-09-14;24962;
2012-09-15;28447;
2012-09-16;26686;
2012-09-17;23856;
2012-09-18;21597;
2012-09-19;22118;
2012-09-20;20544;
2012-09-21;21263;
2012-09-22;24475;
2012-09-23;23329;
2012-09-24;20387;
2012-09-25;20354;
2012-09-26;19894;
2012-09-27;18732;
2012-09-28;18543;
2012-09-29;21247;
2012-09-30;20273;
2012-10-01;20850;
2012-10-02;18337;
2012-10-03;18350;
2012-10-04;18564;
2012-10-05;18464;
2012-10-06;19848;
2012-10-07;20740;
2012-10-08;18861;
2012-10-09;17936;
2012-10-10;17658;
2012-10-11;16103;
2012-10-12;17560;
2012-10-13;20134;
2012-10-14;18887;
2012-10-15;17456;
2012-10-16;17615;
2012-10-17;16026;
2012-10-18;14962;
2012-10-19;14962;
2012-10-20;18497;
2012-10-21;17996;
2012-10-22;20850;
2012-10-23;19681;
2012-10-24;16201;
2012-10-25;15101;
2012-10-26;15726;
2012-10-27;17922;
2012-10-28;17605;
2012-10-29;16441;
2012-10-30;16271;
2012-10-31;21291;
2012-11-01;50533;
2012-11-02;48271;
2012-11-03;50533;
2012-11-04;46933;
2012-11-05;25474;
2012-11-06;21163;
2012-11-07;21219;
2012-11-08;21111;
2012-11-09;20632;
2012-11-10;22880;
2012-11-11;22968;
2012-11-12;21888;
2012-11-13;19577;
2012-11-14;18505;
2012-11-15;18543;
2012-11-16;18418;
2012-11-17;20597;
2012-11-18;20396;
2012-11-19;20234;
2012-11-20;18273;
2012-11-21;18847;
2012-11-22;18933;
2012-11-23;18997;
2012-11-24;21512;
2012-11-25;21431;
2012-11-26;23465;
2012-11-27;23465;
2012-11-28;23597;
2012-11-29;22501;
2012-11-30;20615;
2012-12-01;27553;
2012-12-02;23130;
2012-12-03;22426;
2012-12-04;21727;
2012-12-05;22137;
2012-12-06;22319;
2012-12-07;22826;
2012-12-08;25803;
2012-12-09;25358;
2012-12-10;25377;
2012-12-11;23761;
2012-12-12;22429;
2012-12-13;22092;
2012-12-14;20909;
2012-12-15;23713;
2012-12-16;23469;
2012-12-17;23170;
2012-12-18;22656;
2012-12-19;21486;
2012-12-20;21147;
2012-12-21;20912;
2012-12-22;22622;
2012-12-23;22859;
2012-12-24;18249;
2012-12-25;20428;
2012-12-26;23400;
2012-12-27;24745;
2012-12-28;26396;
2012-12-29;27994;
2012-12-30;28208;
2012-12-31;25071;
2013-01-01;31359;
2013-01-02;27365;
2013-01-03;27971;
2013-01-04;27057;
2013-01-05;31275;
2013-01-06;31343;
2013-01-07;30480;
2013-01-08;28874;
2013-01-09;27372;
2013-01-10;27760;
2013-01-11;26010;
2013-01-12;29060;
2013-01-13;28927;
2013-01-14;27930;
2013-01-15;27010;
2013-01-16;26002;
2013-01-17;25946;
2013-01-18;24670;
2013-01-19;28609;
2013-01-20;29421;
2013-01-21;29341;
2013-01-22;27271;
2013-01-23;27272;
2013-01-24;27283;
2013-01-25;25976;
2013-01-26;29566;
2013-01-27;29562;
2013-01-28;27828;
2013-01-29;26654;
2013-01-30;26292;
2013-01-31;26210;
2013-02-01;35238;
2013-02-02;29588;
2013-02-03;29340;
2013-02-04;27967;
2013-02-05;27481;
2013-02-06;25874;
2013-02-07;28358;
2013-02-08;30390;
2013-02-09;35597;
2013-02-10;35045;
2013-02-11;34252;
2013-02-12;31613;
2013-02-13;27439;
2013-02-14;27935;
2013-02-15;28986;
2013-02-16;33189;
2013-02-17;33110;
2013-02-18;32053;
2013-02-19;28067;
2013-02-20;27828;
2013-02-21;27767;
2013-02-22;27851;
2013-02-23;31712;
2013-02-24;31543;
2013-02-25;30443;
2013-02-26;27140;
2013-02-27;28512;
2013-02-28;28767;
2013-03-01;32166;
2013-03-02;30889;
2013-03-03;30876;
2013-03-04;28744;
2013-03-05;25903;
2013-03-06;25812;
2013-03-07;25131;
2013-03-08;25565;
2013-03-09;30029;
2013-03-10;29917;
2013-03-11;27834;
2013-03-12;24446;
2013-03-13;26247;
2013-03-14;26156;
2013-03-15;25555;
2013-03-16;29444;
2013-03-17;29023;
2013-03-18;28466;
2013-03-19;27964;
2013-03-20;27635;
2013-03-21;27453;
2013-03-22;27805;
2013-03-23;32372;
2013-03-24;32414;
2013-03-25;30489;
2013-03-26;28046;
2013-03-27;28144;
2013-03-28;28468;
2013-03-29;27440;
2013-03-30;28343;
2013-03-31;29407;
2013-04-01;31966;
2013-04-02;26055;
2013-04-03;27938;
2013-04-04;28890;
2013-04-05;28687;
2013-04-06;32163;
2013-04-07;29464;
2013-04-08;27843;
2013-04-09;26959;
2013-04-10;29239;
2013-04-11;27137;
2013-04-12;28237;
2013-04-13;31604;
2013-04-14;29982;
2013-04-15;28795;
2013-04-16;27768;
2013-04-17;28493;
2013-04-18;27078;
2013-04-19;26886;
2013-04-20;30920;
2013-04-21;29952;
2013-04-22;28106;
2013-04-23;24738;
2013-04-24;27216;
2013-04-25;26661;
2013-04-26;27160;
2013-04-27;31433;
2013-04-28;30521;
2013-04-29;27756;
2013-04-30;25652;
2013-05-01;53379;
2013-05-02;26397;
2013-05-03;26495;
2013-05-04;29255;
2013-05-05;27964;
2013-05-06;28146;
2013-05-07;27001;
2013-05-08;26336;
2013-05-09;25718;
2013-05-10;26579;
2013-05-11;29611;
2013-05-12;29199;
2013-05-13;26626;
2013-05-14;25655;
2013-05-15;30732;
2013-05-16;44688;
2013-05-17;51786;
2013-05-18;53381;
2013-05-19;42315;
2013-05-20;36850;
2013-05-21;35039;
2013-05-22;34418;
2013-05-23;32069;
2013-05-24;31723;
2013-05-25;34871;
2013-05-26;35724;
2013-05-27;33689;
2013-05-28;31426;
2013-05-29;33106;
2013-05-30;31084;
2013-05-31;29297;
2013-06-01;33700;
2013-06-02;33448;
2013-06-03;31806;
2013-06-04;30594;
2013-06-05;30352;
2013-06-06;29284;
2013-06-07;27103;
2013-06-08;31842;
2013-06-09;32327;
2013-06-10;31795;
2013-06-11;30957;
2013-06-12;32008;
2013-06-13;31419;
2013-06-14;28737;
2013-06-15;33321;
2013-06-16;33951;
2013-06-17;32652;
2013-06-18;32167;
2013-06-19;31193;
2013-06-20;30594;
2013-06-21;27317;
2013-06-22;32706;
2013-06-23;33993;
2013-06-24;33041;
2013-06-25;31838;
2013-06-26;30794;
2013-06-27;29569;
2013-06-28;28882;
2013-06-29;32710;
2013-06-30;34595;
2013-07-01;42149;
2013-07-02;32455;
2013-07-03;31636;
2013-07-04;30239;
2013-07-05;27674;
2013-07-06;31678;
2013-07-07;32206;
2013-07-08;31697;
2013-07-09;30258;
2013-07-10;32813;
2013-07-11;33125;
2013-07-12;32587;
2013-07-13;34917;
2013-07-14;34838;
2013-07-15;34126;
2013-07-16;33547;
2013-07-17;32170;
2013-07-18;32223;
2013-07-19;32595;
2013-07-20;40569;
2013-07-21;42411;
2013-07-22;41475;
2013-07-23;39024;
2013-07-24;36747;
2013-07-25;36289;
2013-07-26;32931;
2013-07-27;37093;
2013-07-28;36972;
2013-07-29;36514;
2013-07-30;36026;
2013-07-31;34224;
2013-08-01;50511;
2013-08-02;29267;
2013-08-03;34251;
2013-08-04;33586;
2013-08-05;33848;
2013-08-06;33104;
2013-08-07;31589;
2013-08-08;31024;
2013-08-09;30076;
2013-08-10;34349;
2013-08-11;34091;
2013-08-12;33995;
2013-08-13;40211;
2013-08-14;45862;
2013-08-15;45696;
2013-08-16;44982;
2013-08-17;51627;
2013-08-18;49450;
2013-08-19;48268;
2013-08-20;46910;
2013-08-21;48341;
2013-08-22;45988;
2013-08-23;44294;
2013-08-24;48892;
2013-08-25;47363;
2013-08-26;45160;
2013-08-27;45129;
2013-08-28;45692;
2013-08-29;43360;
2013-08-30;43062;
2013-08-31;42838;
2013-09-01;52052;
2013-09-02;44064;
2013-09-03;41754;
2013-09-04;43413;
2013-09-05;41612;
2013-09-06;44671;
2013-09-07;50837;
2013-09-08;46553;
2013-09-09;42807;
2013-09-10;40965;
2013-09-11;44712;
2013-09-12;44173;
2013-09-13;47175;
2013-09-14;51134;
2013-09-15;46788;
2013-09-16;42682;
2013-09-17;38693;
2013-09-18;42817;
2013-09-19;44988;
2013-09-20;47978;
2013-09-21;51215;
2013-09-22;45591;
2013-09-23;44195;
2013-09-24;43113;
2013-09-25;44295;
2013-09-26;44191;
2013-09-27;45445;
2013-09-28;52004;
2013-09-29;46878;
2013-09-30;42579;
2013-10-01;53263;
2013-10-02;44219;
2013-10-03;42554;
2013-10-04;43194;
2013-10-05;48221;
2013-10-06;46625;
2013-10-07;45631;
2013-10-08;44330;
2013-10-09;44567;
2013-10-10;41443;
2013-10-11;46872;
2013-10-12;52505;
2013-10-13;52332;
2013-10-14;47132;
2013-10-15;47603;
2013-10-16;44705;
2013-10-17;49287;
2013-10-18;48652;
2013-10-19;53263;
2013-10-20;49372;
2013-10-21;46715;
2013-10-22;45345;
2013-10-23;47537;
2013-10-24;47509;
2013-10-25;49242;
2013-10-26;52908;
2013-10-27;52609;
2013-10-28;53061;
2013-10-29;49050;
2013-10-30;47127;
2013-10-31;43335;
2013-11-01;92279;
2013-11-02;52225;
2013-11-03;51945;
2013-11-04;46217;
2013-11-05;43695;
2013-11-06;45985;
2013-11-07;46292;
2013-11-08;47880;
2013-11-09;50516;
2013-11-10;51656;
2013-11-11;51656;
2013-11-12;48262;
2013-11-13;47358;
2013-11-14;46445;
2013-11-15;47610;
2013-11-16;54097;
2013-11-17;52557;
2013-11-18;48956;
2013-11-19;47722;
2013-11-20;49817;
2013-11-21;50327;
2013-11-22;51302;
2013-11-23;52710;
2013-11-24;51237;
2013-11-25;49528;
2013-11-26;48311;
2013-11-27;67049;
2013-11-28;73677;
2013-11-29;93905;
2013-11-30;93640;
2013-12-01;96298;
2013-12-02;81641;
2013-12-03;78667;
2013-12-04;75789;
2013-12-05;75235;
2013-12-06;75289;
2013-12-07;80321;
2013-12-08;77890;
2013-12-09;74958;
2013-12-10;69524;
2013-12-11;67997;
2013-12-12;67674;
2013-12-13;65867;
2013-12-14;72724;
2013-12-15;71647;
2013-12-16;69087;
2013-12-17;66543;
2013-12-18;72892;
2013-12-19;74706;
2013-12-20;75142;
2013-12-21;76822;
2013-12-22;89016;
2013-12-23;87510;
2013-12-24;72726;
2013-12-25;79037;
2013-12-26;82807;
2013-12-27;83986;
2013-12-28;91298;
2013-12-29;91594;
2013-12-30;96673;
2013-12-31;85116;
2014-01-01;102084;
2014-01-02;96254;
2014-01-03;101904;
2014-01-04;100158;
2014-01-05;100114;
2014-01-06;100114;
2014-01-07;95319;
2014-01-08;93459;
2014-01-09;93029;
2014-01-10;96219;
2014-01-11;102464;
2014-01-12;98730;
2014-01-13;91440;
2014-01-14;88658;
2014-01-15;92402;
2014-01-16;89443;
2014-01-17;90641;
2014-01-18;92730;
2014-01-19;89022;
2014-01-20;88214;
2014-01-21;89373;
2014-01-22;87207;
2014-01-23;91336;
2014-01-24;96517;
2014-01-25;102090;
2014-01-26;98262;
2014-01-27;28162;
2014-01-28;95063;
2014-01-29;93940;
2014-01-30;91432;
2014-01-31;95869;
2014-02-01;119764;
2014-02-02;102040;
2014-02-03;94627;
2014-02-04;94403;
2014-02-05;96983;
2014-02-06;95922;
2014-02-07;99287;
2014-02-08;108249;
2014-02-09;102815;
2014-02-10;96078;
2014-02-11;92860;
2014-02-12;105010;
2014-02-13;103852;
2014-02-14;102052;
2014-02-15;109545;
2014-02-16;105540;
2014-02-17;102246;
2014-02-18;92269;
2014-02-19;87397;
2014-02-20;107426;
2014-02-21;111669;
2014-02-22;119772;
2014-02-23;113587;
2014-02-24;103608;
2014-02-25;100178;
2014-02-26;96654;
2014-02-27;96348;
2014-02-28;103286;
2014-03-01;164495;
2014-03-02;105065;
2014-03-03;100660;
2014-03-04;97766;
2014-03-05;95877;
2014-03-06;100663;
2014-03-07;107512;
2014-03-08;111893;
2014-03-09;108434;
2014-03-10;100102;
2014-03-11;99558;
2014-03-12;104756;
2014-03-13;121846;
2014-03-14;150972;
2014-03-15;164781;
2014-03-16;151972;
2014-03-17;135984;
2014-03-18;133335;
2014-03-19;130125;
2014-03-20;119803;
2014-03-21;132603;
2014-03-22;140599;
2014-03-23;127843;
2014-03-24;128733;
2014-03-25;126360;
2014-03-26;125248;
2014-03-27;121998;
2014-03-28;128117;
2014-03-29;132269;
2014-03-30;127946;
2014-03-31;120396;
2014-04-01;142526;
2014-04-02;125724;
2014-04-03;130308;
2014-04-04;134282;
2014-04-05;139515;
2014-04-06;132046;
2014-04-07;129869;
2014-04-08;130837;
2014-04-09;133965;
2014-04-10;135327;
2014-04-11;137453;
2014-04-12;143298;
2014-04-13;137875;
2014-04-14;135060;
2014-04-15;131723;
2014-04-16;132748;
2014-04-17;132584;
2014-04-18;130678;
2014-04-19;133582;
2014-04-20;141475;
2014-04-21;134276;
2014-04-22;129081;
2014-04-23;131075;
2014-04-24;129826;
2014-04-25;133163;
2014-04-26;143124;
2014-04-27;131669;
2014-04-28;125681;
2014-04-29;119579;
2014-04-30;134364;
2014-05-01;170137;
2014-05-02;161779;
2014-05-03;173629;
2014-05-04;154914;
2014-05-05;152969;
2014-05-06;147642;
2014-05-07;152119;
2014-05-08;150519;
2014-05-09;152722;
2014-05-10;160519;
2014-05-11;151530;
2014-05-12;144348;
2014-05-13;137862;
2014-05-14;115401;
2014-05-15;139932;
2014-05-16;139138;
2014-05-17;150584;
2014-05-18;140332;
2014-05-19;137078;
2014-05-20;134229;
2014-05-21;133107;
2014-05-22;135747;
2014-05-23;135077;
2014-05-24;146158;
2014-05-25;149526;
2014-05-26;134705;
2014-05-27;136515;
2014-05-28;133703;
2014-05-29;128874;
2014-05-30;127206;
2014-05-31;141587;
2014-06-01;164134;
2014-06-02;133685;
2014-06-03;131590;
2014-06-04;128045;
2014-06-05;125517;
2014-06-06;124209;
2014-06-07;133192;
2014-06-08;130675;
2014-06-09;137338;
2014-06-10;133723;
2014-06-11;130179;
2014-06-12;121324;
2014-06-13;125319;
2014-06-14;139039;
2014-06-15;147677;
2014-06-16;144416;
2014-06-17;139352;
2014-06-18;131798;
2014-06-19;123559;
2014-06-20;123722;
2014-06-21;148769;
2014-06-22;145153;
2014-06-23;146010;
2014-06-24;150051;
2014-06-25;154182;
2014-06-26;146875;
2014-06-27;145018;
2014-06-28;162626;
2014-06-29;165292;
2014-06-30;160439;
2014-07-01;194016;
2014-07-02;183071;
2014-07-03;170854;
2014-07-04;157654;
2014-07-05;173510;
2014-07-06;171220;
2014-07-07;163294;
2014-07-08;158216;
2014-07-09;158035;
2014-07-10;162225;
2014-07-11;160536;
2014-07-12;150723;
2014-07-13;165848;
2014-07-14;165791;
2014-07-15;161747;
2014-07-16;156178;
2014-07-17;153326;
2014-07-18;145907;
2014-07-19;162164;
2014-07-20;156268;
2014-07-21;163137;
2014-07-22;158315;
2014-07-23;156353;
2014-07-24;152883;
2014-07-25;151488;
2014-07-26;167430;
2014-07-27;171261;
2014-07-28;167757;
2014-07-29;166642;
2014-07-30;161796;
2014-07-31;162881;
2014-08-01;277192;
2014-08-02;178670;
2014-08-03;189853;
2014-08-04;186021;
2014-08-05;170376;
2014-08-06;180958;
2014-08-07;178871;
2014-08-08;176850;
2014-08-09;191704;
2014-08-10;183412;
2014-08-11;184545;
2014-08-12;187733;
2014-08-13;227074;
2014-08-14;224200;
2014-08-15;247871;
2014-08-16;275014;
2014-08-17;245554;
2014-08-18;220847;
2014-08-19;217633;
2014-08-20;212574;
2014-08-21;208364;
2014-08-22;210841;
2014-08-23;228936;
2014-08-24;213502;
2014-08-25;211170;
2014-08-26;200193;
2014-08-27;208428;
2014-08-28;209288;
2014-08-29;220227;
2014-08-30;220409;
2014-08-31;227276;
2014-09-01;242494;
2014-09-02;205170;
2014-09-03;199955;
2014-09-04;216998;
2014-09-05;232911;
2014-09-06;241620;
2014-09-07;217032;
2014-09-08;209270;
2014-09-09;204605;
2014-09-10;207622;
2014-09-11;225640;
2014-09-12;240450;
2014-09-13;239484;
2014-09-14;225370;
2014-09-15;212225;
2014-09-16;212261;
2014-09-17;212285;
2014-09-18;221505;
2014-09-19;235786;
2014-09-20;235997;
2014-09-21;218868;
2014-09-22;211890;
2014-09-23;207820;
2014-09-24;168851;
2014-09-25;216907;
2014-09-26;237650;
2014-09-27;242527;
2014-09-28;216806;
2014-09-29;212896;
2014-09-30;214183;
2014-10-01;260613;
2014-10-02;224909;
2014-10-03;249492;
2014-10-04;247227;
2014-10-05;224048;
2014-10-06;218072;
2014-10-07;218373;
2014-10-08;214641;
2014-10-09;229962;
2014-10-10;241017;
2014-10-11;249290;
2014-10-12;242077;
2014-10-13;223341;
2014-10-14;220268;
2014-10-15;209703;
2014-10-16;224605;
2014-10-17;242915;
2014-10-18;239715;
2014-10-19;221691;
2014-10-20;224156;
2014-10-21;220154;
2014-10-22;225079;
2014-10-23;234616;
2014-10-24;252951;
2014-10-25;261555;
2014-10-26;234996;
2014-10-27;229765;
2014-10-28;228824;
2014-10-29;232119;
2014-10-30;225555;
2014-10-31;252664;
2014-11-01;348018;
2014-11-02;252187;
2014-11-03;228545;
2014-11-04;226173;
2014-11-05;234215;
2014-11-06;236933;
2014-11-07;256821;
2014-11-08;253667;
2014-11-09;239776;
2014-11-10;239319;
2014-11-11;257322;
2014-11-12;241651;
2014-11-13;254306;
2014-11-14;270707;
2014-11-15;264525;
2014-11-16;237396;
2014-11-17;230615;
2014-11-18;233909;
2014-11-19;227018;
2014-11-20;239704;
2014-11-21;238536;
2014-11-22;263723;
2014-11-23;244634;
2014-11-24;225206;
2014-11-25;252065;
2014-11-26;309116;
2014-11-27;329206;
2014-11-28;349462;
2014-11-29;330573;
2014-11-30;298410;
2014-12-01;367634;
2014-12-02;286289;
2014-12-03;282730;
2014-12-04;296645;
2014-12-05;296110;
2014-12-06;309816;
2014-12-07;297178;
2014-12-08;288325;
2014-12-09;285266;
2014-12-10;283191;
2014-12-11;297185;
2014-12-12;317354;
2014-12-13;317040;
2014-12-14;295428;
2014-12-15;293914;
2014-12-16;290357;
2014-12-17;290018;
2014-12-18;295737;
2014-12-19;314777;
2014-12-20;318366;
2014-12-21;317470;
2014-12-22;311679;
2014-12-23;299758;
2014-12-24;285838;
2014-12-25;319559;
2014-12-26;349626;
2014-12-27;359662;
2014-12-28;364666;
2014-12-29;368024;
2014-12-30;369561;
2014-12-31;359692;
2015-01-01;443188;
2015-01-02;383943;
2015-01-03;398639;
2015-01-04;389040;
2015-01-05;376364;
2015-01-06;376364;
2015-01-07;375622;
2015-01-08;440458;
2015-01-09;443991;
2015-01-10;443991;
2015-01-11;384553;
2015-01-12;386492;
2015-01-13;382747;
2015-01-14;381328;
2015-01-15;405872;
2015-01-16;442871;
2015-01-17;442380;
2015-01-18;377789;
2015-01-19;391559;
2015-01-20;380689;
2015-01-21;379248;
2015-01-22;399062;
2015-01-23;430861;
2015-01-24;423350;
2015-01-25;371266;
2015-01-26;360648;
2015-01-27;385217;
2015-01-28;380640;
2015-01-29;397712;
2015-01-30;437368;
2015-01-31;434024;
2015-02-01;455508;
2015-02-02;384373;
2015-02-03;346986;
2015-02-04;374310;
2015-02-05;401791;
2015-02-06;401791;
2015-02-07;401791;
2015-02-08;401791;
2015-02-09;401791;
2015-02-10;159873;
2015-02-11;103924;
2015-02-12;103924;
2015-02-13;419184;
2015-02-14;431744;
2015-02-15;384755;
2015-02-16;;
2015-02-17;398868;
2015-02-18;395553;
2015-02-19;423817;
2015-02-20;442763;
2015-02-21;454373;
2015-02-22;406052;
2015-02-23;400112;
2015-02-24;337230;
2015-02-25;;
2015-02-26;;
2015-02-27;;
2015-02-28;;
2015-03-01;595439;
2015-03-02;;
2015-03-03;;
2015-03-04;;
2015-03-05;;
2015-03-06;;
2015-03-07;;
2015-03-08;;
2015-03-09;;
2015-03-10;;
2015-03-11;;
2015-03-12;;
2015-03-13;;
2015-03-14;;
2015-03-15;;
2015-03-16;;
2015-03-17;;
2015-03-18;;
2015-03-19;;
2015-03-20;;
2015-03-21;;
2015-03-22;;
2015-03-23;;
2015-03-24;;
2015-03-25;;
2015-03-26;;
2015-03-27;;
2015-03-28;;
2015-03-29;;
2015-03-30;;
2015-03-31;;
2015-04-01;568556;
2015-04-02;;
2015-04-03;;
2015-04-04;;
2015-04-05;;
2015-04-06;;
2015-04-07;;
2015-04-08;;
2015-04-09;;
2015-04-10;;
2015-04-11;;
2015-04-12;;
2015-04-13;;
2015-04-14;;
2015-04-15;;
2015-04-16;;
2015-04-17;;
2015-04-18;;
2015-04-19;551054;
2015-04-20;509392;
2015-04-21;505119;
2015-04-22;502104;
2015-04-23;501062;
2015-04-24;521335;
2015-04-25;568782;
2015-04-26;569848;
2015-04-27;524411;
2015-04-28;518291;
2015-04-29;512618;
2015-04-30;524944;
2015-05-01;511203;
2015-05-02;552794;
2015-05-03;579356;
2015-05-04;518035;
2015-05-05;519839;
2015-05-06;514383;
2015-05-07;514128;
2015-05-08;552668;
2015-05-09;538983;
2015-05-10;548320;
2015-05-11;513952;
2015-05-12;497478;
2015-05-13;502256;
2015-05-14;500080;
2015-05-15;530986;
2015-05-16;562379;
2015-05-17;571119;
2015-05-18;537038;
2015-05-19;515278;
2015-05-20;513685;
2015-05-21;516034;
2015-05-22;545190;
2015-05-23;541205;
2015-05-24;545013;
2015-05-25;552376;
2015-05-26;508968;
2015-05-27;681170;
2015-05-28;630579;
2015-05-29;614395;
2015-05-30;600079;
2015-05-31;631284;
2015-06-01;578549;
2015-06-02;569978;
2015-06-03;587370;
2015-06-04;582715;
2015-06-05;558996;
2015-06-06;511890;
2015-06-07;579984;
2015-06-08;573335;
2015-06-09;570371;
2015-06-10;566053;
2015-06-11;553731;
2015-06-12;544088;
2015-06-13;546174;
2015-06-14;591163;
2015-06-15;589481;
2015-06-16;586602;
2015-06-17;604309;
2015-06-18;582001;
2015-06-19;558605;
2015-06-20;551773;
2015-06-21;583128;
2015-06-22;611284;
2015-06-23;594003;
2015-06-24;599440;
2015-06-25;588950;
2015-06-26;542428;
2015-06-27;517905;
2015-06-28;568420;
2015-06-29;575554;
2015-06-30;539500;
2015-07-01;541692;
2015-07-02;522992;
2015-07-03;491509;
2015-07-04;463120;
2015-07-05;506209;
2015-07-06;544222;
2015-07-07;528477;
2015-07-08;546142;
2015-07-09;543496;
2015-07-10;498573;
2015-07-11;471760;
2015-07-12;531385;
2015-07-13;535060;
2015-07-14;514071;
2015-07-15;522264;
2015-07-16;510847;
2015-07-17;470311;
2015-07-18;458623;
2015-07-19;514116;
2015-07-20;513838;
2015-07-21;505546;
2015-07-22;504003;
2015-07-23;503109;
2015-07-24;468739;
2015-07-25;461601;
2015-07-26;505594;
2015-07-27;523216;
2015-07-28;509832;
2015-07-29;511832;
2015-07-30;507985;
2015-07-31;487753;
2015-08-01;456126;
2015-08-02;509694;
2015-08-03;499671;
2015-08-04;502762;
2015-08-05;491415;
2015-08-06;490349;
2015-08-07;464880;
2015-08-08;453921;
2015-08-09;510793;
2015-08-10;516646;
2015-08-11;503556;
2015-08-12;503351;
2015-08-13;494573;
2015-08-14;477429;
2015-08-15;495073;
2015-08-16;546564;
2015-08-17;549505;
2015-08-18;527833;
2015-08-19;545605;
2015-08-20;654789;
2015-08-21;635559;
2015-08-22;655378;
2015-08-23;819902;
2015-08-24;649101;
2015-08-25;632719;
2015-08-26;614513;
2015-08-27;610491;
2015-08-28;578810;
2015-08-29;575579;
2015-08-30;629806;
2015-08-31;574905;
2015-09-01;555128;
2015-09-02;564619;
2015-09-03;570566;
2015-09-04;587280;
2015-09-05;629407;
2015-09-06;653346;
2015-09-07;650458;
2015-09-08;583000;
2015-09-09;581834;
2015-09-10;570207;
2015-09-11;615578;
2015-09-12;639815;
2015-09-13;647434;
2015-09-14;611175;
2015-09-15;594710;
2015-09-16;632987;
2015-09-17;613077;
2015-09-18;725939;
2015-09-19;725872;
2015-09-20;720141;
2015-09-21;644615;
2015-09-22;621099;
2015-09-23;668621;
2015-09-24;629762;
2015-09-25;670245;
2015-09-26;698254;
2015-09-27;708298;
2015-09-28;630309;
2015-09-29;614948;
2015-09-30;605557;
2015-10-01;589989;
2015-10-02;663702;
2015-10-03;709984;
2015-10-04;698465;
2015-10-05;609039;
2015-10-06;617252;
2015-10-07;627301;
2015-10-08;601490;
2015-10-09;663583;
2015-10-10;693601;
2015-10-11;676761;
2015-10-12;635027;
2015-10-13;626353;
2015-10-14;614333;
2015-10-15;592895;
2015-10-16;659430;
2015-10-17;692862;
2015-10-18;672513;
2015-10-19;603815;
2015-10-20;587495;
2015-10-21;609933;
2015-10-22;605688;
2015-10-23;667325;
2015-10-24;701645;
2015-10-25;650136;
2015-10-26;595490;
2015-10-27;585391;
2015-10-28;717511;
2015-10-29;695740;
2015-10-30;709147;
2015-10-31;732093;
2015-11-01;786707;
2015-11-02;669533;
2015-11-03;654961;
2015-11-04;645986;
2015-11-05;630788;
2015-11-06;669888;
2015-11-07;688392;
2015-11-08;675447;
2015-11-09;599300;
2015-11-10;581347;
2015-11-11;597527;
2015-11-12;575875;
2015-11-13;622375;
2015-11-14;666487;
2015-11-15;662161;
2015-11-16;588057;
2015-11-17;576160;
2015-11-18;581563;
2015-11-19;591924;
2015-11-20;648037;
2015-11-21;665514;
2015-11-22;653833;
2015-11-23;591545;
2015-11-24;602930;
2015-11-25;623415;
2015-11-26;609118;
2015-11-27;678051;
2015-11-28;689711;
2015-11-29;691930;
2015-11-30;626903;
2015-12-01;616849;
2015-12-02;637477;
2015-12-03;636123;
2015-12-04;688508;
2015-12-05;721883;
2015-12-06;709200;
2015-12-07;648944;
2015-12-08;654479;
2015-12-09;823694;
2015-12-10;701795;
2015-12-11;705268;
2015-12-12;724807;
2015-12-13;690672;
2015-12-14;617022;
2015-12-15;601776;
2015-12-16;609226;
2015-12-17;588824;
2015-12-18;625551;
2015-12-19;640096;
2015-12-20;612170;
2015-12-21;605194;
2015-12-22;589295;
2015-12-23;582223;
2015-12-24;468987;
2015-12-25;567501;
2015-12-26;587894;
2015-12-27;602105;
2015-12-28;607841;
2015-12-29;621422;
2015-12-30;641488;
2015-12-31;540459;
2016-01-01;611343;
2016-01-02;639407;
2016-01-03;651264;
2016-01-04;617618;
2016-01-05;609398;
2016-01-06;616314;
2016-01-07;605054;
2016-01-08;642655;
2016-01-09;667432;
2016-01-10;642996;
2016-01-11;560999;
2016-01-12;568200;
2016-01-13;563938;
2016-01-14;566576;
2016-01-15;617636;
2016-01-16;653887;
2016-01-17;654226;
2016-01-18;623119;
2016-01-19;579933;
2016-01-20;579976;
2016-01-21;577161;
2016-01-22;627126;
2016-01-23;665504;
2016-01-24;654806;
2016-01-25;597773;
2016-01-26;587666;
2016-01-27;601186;
2016-01-28;594859;
2016-01-29;619038;
2016-01-30;651217;
2016-01-31;645790;
2016-02-01;592950;
2016-02-02;588658;
2016-02-03;593220;
2016-02-04;587791;
2016-02-05;610475;
2016-02-06;650424;
2016-02-07;647277;
2016-02-08;603360;
2016-02-09;586954;
2016-02-10;590179;
2016-02-11;587018;
2016-02-12;645119;
2016-02-13;688870;
2016-02-14;642871;
2016-02-15;624985;
2016-02-16;590031;
2016-02-17;591122;
2016-02-18;658229;
2016-02-19;676655;
2016-02-20;726385;
2016-02-21;738969;
2016-02-22;669532;
2016-02-23;624393;
2016-02-24;639204;
2016-02-25;622697;
2016-02-26;677135;
2016-02-27;717040;
2016-02-28;684698;
2016-02-29;602267;
2016-03-01;603710;
2016-03-02;615478;
2016-03-03;612273;
2016-03-04;658770;
2016-03-05;695928;
2016-03-06;733925;
2016-03-07;662668;
2016-03-08;594968;
2016-03-09;606162;
2016-03-10;596806;
2016-03-11;665464;
2016-03-12;698913;
2016-03-13;678472;
2016-03-14;609018;
2016-03-15;599032;
2016-03-16;618206;
2016-03-17;612023;
2016-03-18;674285;
2016-03-19;701629;
2016-03-20;687728;
2016-03-21;629829;
2016-03-22;635626;
2016-03-23;648085;
2016-03-24;621131;
2016-03-25;662099;
2016-03-26;640387;
2016-03-27;641177;
2016-03-28;643076;
2016-03-29;737599;
2016-03-30;773354;
2016-03-31;768323;
2016-04-01;800869;
2016-04-02;833345;
2016-04-03;850485;
2016-04-04;660523;
2016-04-05;612907;
2016-04-06;647799;
2016-04-07;641322;
2016-04-08;705526;
2016-04-09;731390;
2016-04-10;711635;
2016-04-11;620323;
2016-04-12;602029;
2016-04-13;605922;
2016-04-14;605885;
2016-04-15;678753;
2016-04-16;684310;
2016-04-17;668143;
2016-04-18;628545;
2016-04-19;614805;
2016-04-20;615852;
2016-04-21;612273;
2016-04-22;632904;
2016-04-23;684356;
2016-04-24;678886;
2016-04-25;621891;
2016-04-26;610142;
2016-04-27;618415;
2016-04-28;656617;
2016-04-29;659080;
2016-04-30;638216;
2016-05-01;668612;
2016-05-02;598980;
2016-05-03;587742;
2016-05-04;596867;
2016-05-05;551675;
2016-05-06;577496;
2016-05-07;599203;
2016-05-08;587411;
2016-05-09;520788;
2016-05-10;533239;
2016-05-11;553612;
2016-05-12;557396;
2016-05-13;621025;
2016-05-14;638088;
2016-05-15;606700;
2016-05-16;575926;
2016-05-17;562571;
2016-05-18;582535;
2016-05-19;562560;
2016-05-20;606267;
2016-05-21;593090;
2016-05-22;589460;
2016-05-23;561194;
2016-05-24;547212;
2016-05-25;560009;
2016-05-26;562385;
2016-05-27;574812;
2016-05-28;546406;
2016-05-29;577740;
2016-05-30;564451;
2016-05-31;533522;
2016-06-01;533777;
2016-06-02;541235;
2016-06-03;549536;
2016-06-04;550277;
2016-06-05;574583;
2016-06-06;552824;
2016-06-07;543588;
2016-06-08;543776;
2016-06-09;549231;
2016-06-10;501270;
2016-06-11;515088;
2016-06-12;528324;
2016-06-13;531339;
2016-06-14;527542;
2016-06-15;538212;
2016-06-16;579110;
2016-06-17;559486;
2016-06-18;536346;
2016-06-19;556579;
2016-06-20;547894;
2016-06-21;549815;
2016-06-22;543743;
2016-06-23;509233;
2016-06-24;487648;
2016-06-25;474429;
2016-06-26;531215;
2016-06-27;548910;
2016-06-28;539921;
2016-06-29;540124;
2016-06-30;502427;
2016-07-01;496846;
2016-07-02;472029;
2016-07-03;522612;
2016-07-04;544563;
2016-07-05;636056;
2016-07-06;624601;
2016-07-07;621543;
2016-07-08;603264;
2016-07-09;593940;
2016-07-10;603057;
2016-07-11;577920;
2016-07-12;558089;
2016-07-13;547281;
2016-07-14;540624;
2016-07-15;508026;
2016-07-16;493896;
2016-07-17;538171;
2016-07-18;538791;
2016-07-19;522099;
2016-07-20;520145;
2016-07-21;507375;
2016-07-22;495506;
2016-07-23;480140;
2016-07-24;514561;
2016-07-25;525138;
2016-07-26;515314;
2016-07-27;522446;
2016-07-28;519175;
2016-07-29;496361;
2016-07-30;483239;
2016-07-31;530920;
2016-08-01;533460;
2016-08-02;524743;
2016-08-03;506605;
2016-08-04;522620;
2016-08-05;487626;
2016-08-06;484652;
2016-08-07;508886;
2016-08-08;510803;
2016-08-09;510256;
2016-08-10;519980;
2016-08-11;514947;
2016-08-12;495372;
2016-08-13;476202;
2016-08-14;526431;
2016-08-15;529509;
2016-08-16;524122;
2016-08-17;526919;
2016-08-18;520657;
2016-08-19;536004;
2016-08-20;541896;
2016-08-21;584453;
2016-08-22;565024;
2016-08-23;541912;
2016-08-24;550787;
2016-08-25;544806;
2016-08-26;536004;
2016-08-27;546000;
2016-08-28;599095;
2016-08-29;590423;
2016-08-30;574058;
2016-08-31;533338;
2016-09-01;515410;
2016-09-02;557799;
2016-09-03;573314;
2016-09-04;574341;
2016-09-05;572226;
2016-09-06;530141;
2016-09-07;544146;
2016-09-08;525664;
2016-09-09;571421;
2016-09-10;600316;
2016-09-11;596331;
2016-09-12;539113;
2016-09-13;528193;
2016-09-14;495370;
2016-09-15;530380;
2016-09-16;588619;
2016-09-17;638360;
2016-09-18;637515;
2016-09-19;564818;
2016-09-20;558376;
2016-09-21;553994;
2016-09-22;555269;
2016-09-23;601253;
2016-09-24;613028;
2016-09-25;609126;
2016-09-26;540141;
2016-09-27;538047;
2016-09-28;519062;
2016-09-29;548209;
2016-09-30;590230;
2016-10-01;613097;
2016-10-02;598950;
2016-10-03;559436;
2016-10-04;552031;
2016-10-05;556320;
2016-10-06;554221;
2016-10-07;625708;
2016-10-08;646334;
2016-10-09;628981;
2016-10-10;584079;
2016-10-11;573494;
2016-10-12;590436;
2016-10-13;584281;
2016-10-14;632559;
2016-10-15;661985;
2016-10-16;646283;
2016-10-17;565030;
2016-10-18;552751;
2016-10-19;564004;
2016-10-20;561903;
2016-10-21;623083;
2016-10-22;647299;
2016-10-23;624196;
2016-10-24;564167;
2016-10-25;548445;
2016-10-26;543803;
2016-10-27;550837;
2016-10-28;591304;
2016-10-29;613425;
2016-10-30;613226;
2016-10-31;539952;
2016-11-01;570482;
2016-11-02;578881;
2016-11-03;596301;
2016-11-04;599240;
2016-11-05;627124;
2016-11-06;611584;
2016-11-07;532334;
2016-11-08;539366;
2016-11-09;526953;
2016-11-10;539705;
2016-11-11;598838;
2016-11-12;626360;
2016-11-13;609295;
2016-11-14;541529;
2016-11-15;546602;
2016-11-16;529147;
2016-11-17;528129;
2016-11-18;595119;
2016-11-19;617652;
2016-11-20;601809;
2016-11-21;541586;
2016-11-22;547539;
2016-11-23;555683;
2016-11-24;558932;
2016-11-25;611117;
2016-11-26;625876;
2016-11-27;608906;
2016-11-28;540550;
2016-11-29;578490;
2016-11-30;575494;
2016-12-01;574372;
2016-12-02;632999;
2016-12-03;662460;
2016-12-04;637935;
2016-12-05;562748;
2016-12-06;569392;
2016-12-07;567637;
2016-12-08;521844;
2016-12-09;575434;
2016-12-10;603615;
2016-12-11;582266;
2016-12-12;515906;
2016-12-13;510000;
2016-12-14;512679;
2016-12-15;513677;
2016-12-16;558715;
2016-12-17;586213;
2016-12-18;567955;
2016-12-19;549755;
2016-12-20;548122;
2016-12-21;557662;
2016-12-22;556800;
2016-12-23;568835;
2016-12-24;488865;
2016-12-25;518257;
2016-12-26;556897;
2016-12-27;583051;
2016-12-28;593696;
2016-12-29;608579;
2016-12-30;617489;
2016-12-31;516767;
2017-01-01;586605;
2017-01-02;533340;
2017-01-03;615247;
2017-01-04;614587;
2017-01-05;620470;
2017-01-06;635734;
2017-01-07;673607;
2017-01-08;659776;
2017-01-09;582858;
2017-01-10;593498;
2017-01-11;581688;
2017-01-12;592038;
2017-01-13;643886;
2017-01-14;688378;
2017-01-15;657268;
2017-01-16;618542;
2017-01-17;614374;
2017-01-18;606970;
2017-01-19;607889;
2017-01-20;654320;
2017-01-21;682260;
2017-01-22;789088;
2017-01-23;721632;
2017-01-24;707397;
2017-01-25;720396;
2017-01-26;676652;
2017-01-27;734142;
2017-01-28;786654;
2017-01-29;814616;
2017-01-30;701556;
2017-01-31;675395;
2017-02-01;666562;
2017-02-02;679929;
2017-02-03;704161;
2017-02-04;742866;
2017-02-05;720854;
2017-02-06;652628;
2017-02-07;641999;
2017-02-08;644625;
2017-02-09;651139;
2017-02-10;698016;
2017-02-11;744468;
2017-02-12;734782;
2017-02-13;649498;
2017-02-14;608329;
2017-02-15;623082;
2017-02-16;623666;
2017-02-17;685443;
2017-02-18;692532;
2017-02-19;714208;
2017-02-20;645868;
2017-02-21;631794;
2017-02-22;651285;
2017-02-23;633032;
2017-02-24;681548;
2017-02-25;711755;
2017-02-26;690779;
2017-02-27;614436;
2017-02-28;605217;
2017-03-01;606439;
2017-03-02;603688;
2017-03-03;686031;
2017-03-04;715449;
2017-03-05;668776;
2017-03-06;615829;
2017-03-07;657426;
2017-03-08;621064;
2017-03-09;610761;
2017-03-10;680655;
2017-03-11;717597;
2017-03-12;702023;
2017-03-13;620293;
2017-03-14;623902;
2017-03-15;617890;
2017-03-16;672521;
2017-03-17;681259;
2017-03-18;742356;
2017-03-19;729305;
2017-03-20;628774;
2017-03-21;263988;
2017-03-22;217547;
2017-03-23;610454;
2017-03-24;707789;
2017-03-25;718526;
2017-03-26;697758;
2017-03-27;646662;
2017-03-28;628450;
2017-03-29;632688;
2017-03-30;634066;
2017-03-31;691424;
2017-04-01;709841;
2017-04-02;670980;
2017-04-03;605519;
2017-04-04;589725;
2017-04-05;603084;
2017-04-06;606153;
2017-04-07;648400;
2017-04-08;669903;
2017-04-09;653292;
2017-04-10;623083;
2017-04-11;586229;
2017-04-12;608500;
2017-04-13;632507;
2017-04-14;678017;
2017-04-15;662140;
2017-04-16;643858;
2017-04-17;634384;
2017-04-18;601773;
2017-04-19;595795;
2017-04-20;626863;
2017-04-21;676578;
2017-04-22;695235;
2017-04-23;678710;
2017-04-24;604982;
2017-04-25;596141;
2017-04-26;583886;
2017-04-27;588412;
2017-04-28;656297;
2017-04-29;657033;
2017-04-30;658518;
2017-05-01;614208;
2017-05-02;585271;
2017-05-03;586022;
2017-05-04;583529;
2017-05-05;625936;
2017-05-06;647264;
2017-05-07;661043;
2017-05-08;607179;
2017-05-09;581865;
2017-05-10;575531;
2017-05-11;577966;
2017-05-12;629636;
2017-05-13;637449;
2017-05-14;598456;
2017-05-15;552306;
2017-05-16;548379;
2017-05-17;537489;
2017-05-18;556096;
2017-05-19;588701;
2017-05-20;611009;
2017-05-21;591578;
2017-05-22;551426;
2017-05-23;547353;
2017-05-24;697189;
2017-05-25;652278;
2017-05-26;646348;
2017-05-27;634745;
2017-05-28;660036;
2017-05-29;626065;
2017-05-30;597689;
2017-05-31;613628;
2017-06-01;587333;
2017-06-02;597967;
2017-06-03;597664;
2017-06-04;614621;
2017-06-05;613469;
2017-06-06;591709;
2017-06-07;589809;
2017-06-08;583035;
2017-06-09;563296;
2017-06-10;550924;
2017-06-11;570133;
2017-06-12;560388;
2017-06-13;557934;
2017-06-14;553916;
2017-06-15;569006;
2017-06-16;550839;
2017-06-17;544831;
2017-06-18;560055;
2017-06-19;542091;
2017-06-20;556544;
2017-06-21;551348;
2017-06-22;534468;
2017-06-23;513878;
2017-06-24;516287;
2017-06-25;553576;
2017-06-26;552219;
2017-06-27;548167;
2017-06-28;543096;
2017-06-29;538041;
2017-06-30;521360;
2017-07-01;518499;
2017-07-02;540849;
2017-07-03;556759;
2017-07-04;551362;
2017-07-05;566198;
2017-07-06;544039;
2017-07-07;530554;
2017-07-08;517999;
2017-07-09;573327;
2017-07-10;571169;
2017-07-11;551483;
2017-07-12;551601;
2017-07-13;539155;
2017-07-14;512567;
2017-07-15;502054;
2017-07-16;614018;
2017-07-17;591459;
2017-07-18;599439;
2017-07-19;606490;
2017-07-20;565060;
2017-07-21;595802;
2017-07-22;560747;
2017-07-23;640277;
2017-07-24;586487;
2017-07-25;590525;
2017-07-26;585696;
2017-07-27;576007;
2017-07-28;549724;
2017-07-29;537230;
2017-07-30;571197;
2017-07-31;563326;
2017-08-01;551086;
2017-08-02;544959;
2017-08-03;546773;
2017-08-04;533354;
2017-08-05;526712;
2017-08-06;570353;
2017-08-07;543468;
2017-08-08;524971;
2017-08-09;537376;
2017-08-10;520173;
2017-08-11;502368;
2017-08-12;517703;
2017-08-13;545419;
2017-08-14;526566;
2017-08-15;532716;
2017-08-16;539318;
2017-08-17;530770;
2017-08-18;522758;
2017-08-19;542314;
2017-08-20;578435;
2017-08-21;555466;
2017-08-22;550432;
2017-08-23;551829;
2017-08-24;544368;
2017-08-25;537541;
2017-08-26;560708;
2017-08-27;598656;
2017-08-28;568901;
2017-08-29;572216;
2017-08-30;568790;
2017-08-31;548525;
2017-09-01;539475;
2017-09-02;579851;
2017-09-03;593235;
2017-09-04;577061;
2017-09-05;546878;
2017-09-06;557450;
2017-09-07;566040;
2017-09-08;588277;
2017-09-09;602111;
2017-09-10;599224;
2017-09-11;556861;
2017-09-12;534626;
2017-09-13;546069;
2017-09-14;547273;
2017-09-15;634902;
2017-09-16;632688;
2017-09-17;681413;
2017-09-18;553806;
2017-09-19;554338;
2017-09-20;562646;
2017-09-21;562963;
2017-09-22;616501;
2017-09-23;631448;
2017-09-24;664381;
2017-09-25;548050;
2017-09-26;537705;
2017-09-27;541534;
2017-09-28;524556;
2017-09-29;577291;
2017-09-30;620094;
2017-10-01;611518;
2017-10-02;537514;
2017-10-03;543065;
2017-10-04;549053;
2017-10-05;549107;
2017-10-06;604716;
2017-10-07;637380;
2017-10-08;608484;
2017-10-09;561918;
2017-10-10;538813;
2017-10-11;567882;
2017-10-12;579953;
2017-10-13;623998;
2017-10-14;644082;
2017-10-15;620344;
2017-10-16;558088;
2017-10-17;537573;
2017-10-18;545310;
2017-10-19;557610;
2017-10-20;613627;
2017-10-21;638306;
2017-10-22;606747;
2017-10-23;537976;
2017-10-24;531758;
2017-10-25;531604;
2017-10-26;538111;
2017-10-27;580500;
2017-10-28;610301;
2017-10-29;580309;
2017-10-30;523187;
2017-10-31;513681;
2017-11-01;539262;
2017-11-02;549402;
2017-11-03;567808;
2017-11-04;589590;
2017-11-05;583008;
2017-11-06;499132;
2017-11-07;494940;
2017-11-08;486659;
2017-11-09;486288;
2017-11-10;547883;
2017-11-11;587871;
2017-11-12;560426;
2017-11-13;482962;
2017-11-14;513621;
2017-11-15;534564;
2017-11-16;516933;
2017-11-17;568119;
2017-11-18;602797;
2017-11-19;585195;
2017-11-20;531437;
2017-11-21;500243;
2017-11-22;518804;
2017-11-23;510407;
2017-11-24;552587;
2017-11-25;576143;
2017-11-26;577085;
2017-11-27;509051;
2017-11-28;509630;
2017-11-29;516162;
2017-11-30;520337;
2017-12-01;567425;
2017-12-02;595057;
2017-12-03;576910;
2017-12-04;520456;
2017-12-05;515183;
2017-12-06;521198;
2017-12-07;524875;
2017-12-08;573360;
2017-12-09;597245;
2017-12-10;568209;
2017-12-11;525852;
2017-12-12;507127;
2017-12-13;504585;
2017-12-14;509276;
2017-12-15;547230;
2017-12-16;567984;
2017-12-17;555527;
2017-12-18;523730;
2017-12-19;516719;
2017-12-20;523831;
2017-12-21;523752;
2017-12-22;555899;
2017-12-23;563128;
2017-12-24;480947;
2017-12-25;498570;
2017-12-26;541428;
2017-12-27;567700;
2017-12-28;571746;
2017-12-29;595916;
2017-12-30;601351;
2017-12-31;525010;
2018-01-01;562303;
2018-01-02;585366;
2018-01-03;586264;
2018-01-04;594399;
2018-01-05;624935;
2018-01-06;637505;
2018-01-07;630304;
2018-01-08;576748;
2018-01-09;566722;
2018-01-10;567567;
2018-01-11;568774;
2018-01-12;668760;
2018-01-13;719298;
2018-01-14;685671;
2018-01-15;636333;
2018-01-16;593744;
2018-01-17;599972;
2018-01-18;595232;
2018-01-19;655649;
2018-01-20;699554;
2018-01-21;680851;
2018-01-22;624715;
2018-01-23;625218;
2018-01-24;615915;
2018-01-25;637926;
2018-01-26;678188;
2018-01-27;706921;
2018-01-28;696163;
2018-01-29;644694;
2018-01-30;638633;
2018-01-31;637591;
2018-02-01;636677;
2018-02-02;677325;
2018-02-03;691196;
2018-02-04;680014;
2018-02-05;598428;
2018-02-06;596670;
2018-02-07;605058;
2018-02-08;591147;
2018-02-09;640351;
2018-02-10;660501;
2018-02-11;643976;
2018-02-12;597726;
2018-02-13;600257;
2018-02-14;573227;
2018-02-15;587720;
2018-02-16;672985;
2018-02-17;686585;
2018-02-18;676972;
2018-02-19;627876;
2018-02-20;606328;
2018-02-21;616435;
2018-02-22;626295;
2018-02-23;640398;
2018-02-24;671699;
2018-02-25;644153;
2018-02-26;582008;
2018-02-27;578734;
2018-02-28;585699;
2018-03-01;571844;
2018-03-02;638187;
2018-03-03;674462;
2018-03-04;631236;
2018-03-05;566908;
2018-03-06;571364;
2018-03-07;609941;
2018-03-08;579562;
2018-03-09;622953;
2018-03-10;660359;
2018-03-11;624754;
2018-03-12;549112;
2018-03-13;548653;
2018-03-14;540552;
2018-03-15;540695;
2018-03-16;612997;
2018-03-17;634880;
2018-03-18;612211;
2018-03-19;529982;
2018-03-20;528422;
2018-03-21;527812;
2018-03-22;523792;
2018-03-23;567442;
2018-03-24;593672;
2018-03-25;583809;
2018-03-26;535668;
2018-03-27;524781;
2018-03-28;553566;
2018-03-29;545064;
2018-03-30;589158;
2018-03-31;544396;
2018-04-01;522474;
2018-04-02;510461;
2018-04-03;481121;
2018-04-04;493898;
2018-04-05;478398;
2018-04-06;515858;
2018-04-07;523827;
2018-04-08;502355;
2018-04-09;442875;
2018-04-10;441873;
2018-04-11;442723;
2018-04-12;449917;
2018-04-13;486166;
2018-04-14;501226;
2018-04-15;485242;
2018-04-16;446893;
2018-04-17;437164;
2018-04-18;427398;
2018-04-19;421633;
2018-04-20;461568;
2018-04-21;487714;
2018-04-22;492181;
2018-04-23;443309;
2018-04-24;428943;
2018-04-25;431212;
2018-04-26;429449;
2018-04-27;444255;
2018-04-28;465955;
2018-04-29;473796;
2018-04-30;455403;
2018-05-01;435923;
2018-05-02;401273;
2018-05-03;406918;
2018-05-04;436659;
2018-05-05;454436;
2018-05-06;443751;
2018-05-07;400741;
2018-05-08;416641;
2018-05-09;374213;
2018-05-10;386331;
2018-05-11;422768;
2018-05-12;435667;
2018-05-13;423090;
2018-05-14;386353;
2018-05-15;381411;
2018-05-16;386297;
2018-05-17;378731;
2018-05-18;410765;
2018-05-19;424847;
2018-05-20;416185;
2018-05-21;397327;
2018-05-22;386506;
2018-05-23;382180;
2018-05-24;387091;
2018-05-25;406335;
2018-05-26;404882;
2018-05-27;420441;
2018-05-28;411336;
2018-05-29;403800;
2018-05-30;391231;
2018-05-31;414384;
2018-06-01;401912;
2018-06-02;398415;
2018-06-03;422310;
2018-06-04;400075;
2018-06-05;401950;
2018-06-06;401474;
2018-06-07;395399;
2018-06-08;385574;
2018-06-09;406915;
2018-06-10;401825;
2018-06-11;406801;
2018-06-12;396623;
2018-06-13;407797;
2018-06-14;396812;
2018-06-15;355709;
2018-06-16;375844;
2018-06-17;396111;
2018-06-18;391787;
2018-06-19;389800;
2018-06-20;404184;
2018-06-21;380788;
2018-06-22;388254;
2018-06-23;385005;
2018-06-24;403726;
2018-06-25;389087;
2018-06-26;381327;
2018-06-27;377047;
2018-06-28;378351;
2018-06-29;379774;
2018-06-30;371997;
2018-07-01;396799;
2018-07-02;389880;
2018-07-03;365647;
2018-07-04;399953;
2018-07-05;393703;
2018-07-06;372084;
2018-07-07;370039;
2018-07-08;420674;
2018-07-09;429650;
2018-07-10;378806;
2018-07-11;381982;
2018-07-12;403220;
2018-07-13;386670;
2018-07-14;386930;
2018-07-15;421859;
2018-07-16;410965;
2018-07-17;410387;
2018-07-18;412253;
2018-07-19;393113;
2018-07-20;379547;
2018-07-21;369377;
2018-07-22;402249;
2018-07-23;405865;
2018-07-24;395213;
2018-07-25;388536;
2018-07-26;386955;
2018-07-27;366820;
2018-07-28;370155;
2018-07-29;398283;
2018-07-30;404885;
2018-07-31;390725;
2018-08-01;384368;
2018-08-02;378118;
2018-08-03;404780;
2018-08-04;403304;
2018-08-05;426277;
2018-08-06;418671;
2018-08-07;399534;
2018-08-08;414487;
2018-08-09;400059;
2018-08-10;382492;
2018-08-11;391139;
2018-08-12;415889;
2018-08-13;406483;
2018-08-14;387909;
2018-08-15;392190;
2018-08-16;403366;
2018-08-17;392254;
2018-08-18;402196;
2018-08-19;428710;
2018-08-20;402305;
2018-08-21;391082;
2018-08-22;391082;
2018-08-23;386361;
2018-08-24;386639;
2018-08-25;408895;
2018-08-26;456907;
2018-08-27;427268;
2018-08-28;425595;
2018-08-29;423666;
2018-08-30;420600;
2018-08-31;429373;
2018-09-01;451304;
2018-09-02;454425;
2018-09-03;458145;
2018-09-04;420799;
2018-09-05;433306;
2018-09-06;430506;
2018-09-07;473064;
2018-09-08;510248;
2018-09-09;523315;
2018-09-10;494317;
2018-09-11;488980;
2018-09-12;473249;
2018-09-13;488112;
2018-09-14;520394;
2018-09-15;549895;
2018-09-16;554058;
2018-09-17;499820;
2018-09-18;482772;
2018-09-19;476273;
2018-09-20;477057;
2018-09-21;529496;
2018-09-22;587639;
2018-09-23;584417;
2018-09-24;520926;
2018-09-25;535791;
2018-09-26;526703;
2018-09-27;497875;
2018-09-28;525647;
2018-09-29;545234;
2018-09-30;573410;
2018-10-01;520380;
2018-10-02;513422;
2018-10-03;512932;
2018-10-04;509096;
2018-10-05;544025;
2018-10-06;567916;
2018-10-07;544391;
2018-10-08;510312;
2018-10-09;499103;
2018-10-10;489270;
2018-10-11;489305;
2018-10-12;529774;
2018-10-13;531049;
2018-10-14;521403;
2018-10-15;482625;
2018-10-16;466907;
2018-10-17;475983;
2018-10-18;475672;
2018-10-19;513368;
2018-10-20;535314;
2018-10-21;519435;
2018-10-22;465645;
2018-10-23;466671;
2018-10-24;482083;
2018-10-25;492784;
2018-10-26;525136;
2018-10-27;544244;
2018-10-28;543919;
2018-10-29;475117;
2018-10-30;460838;
2018-10-31;439593;
2018-11-01;473842;
2018-11-02;485776;
2018-11-03;506248;
2018-11-04;524056;
2018-11-05;446011;
2018-11-06;432726;
2018-11-07;428192;
2018-11-08;429044;
2018-11-09;478359;
2018-11-10;516365;
2018-11-11;492961;
2018-11-12;454763;
2018-11-13;471698;
2018-11-14;474959;
2018-11-15;480043;
2018-11-16;516851;
2018-11-17;546192;
2018-11-18;543916;
2018-11-19;488906;
2018-11-20;478568;
2018-11-21;456412;
2018-11-22;461948;
2018-11-23;496143;
2018-11-24;529379;
2018-11-25;514340;
2018-11-26;457745;
2018-11-27;463123;
2018-11-28;458216;
2018-11-29;458409;
2018-11-30;504854;
2018-12-01;534609;
2018-12-02;514335;
2018-12-03;458076;
2018-12-04;465526;
2018-12-05;463505;
2018-12-06;452285;
2018-12-07;688741;
2018-12-08;749638;
2018-12-09;740157;
2018-12-10;653740;
2018-12-11;631190;
2018-12-12;612615;
2018-12-13;608040;
2018-12-14;653802;
2018-12-15;685090;
2018-12-16;663957;
2018-12-17;607836;
2018-12-18;599055;
2018-12-19;596047;
2018-12-20;590125;
2018-12-21;625674;
2018-12-22;638507;
2018-12-23;608651;
2018-12-24;537230;
2018-12-25;552211;
2018-12-26;592111;
2018-12-27;607195;
2018-12-28;623818;
2018-12-29;636931;
2018-12-30;635244;
2018-12-31;565800;
2019-01-01;577546;
2019-01-02;617293;
2019-01-03;614938;
2019-01-04;648525;
2019-01-05;671521;
2019-01-06;667843;
2019-01-07;619371;
2019-01-08;604350;
2019-01-09;598055;
2019-01-10;601609;
2019-01-11;649360;
2019-01-12;687299;
2019-01-13;657620;
2019-01-14;596411;
2019-01-15;595994;
2019-01-16;598740;
2019-01-17;600970;
2019-01-18;637700;
2019-01-19;663631;
2019-01-20;665934;
2019-01-21;620408;
2019-01-22;607583;
2019-01-23;619365;
2019-01-24;612605;
2019-01-25;644652;
2019-01-26;682297;
2019-01-27;668664;
2019-01-28;603970;
2019-01-29;621303;
2019-01-30;622533;
2019-01-31;621355;
2019-02-01;628397;
2019-02-02;651044;
2019-02-03;656097;
2019-02-04;593481;
2019-02-05;571128;
2019-02-06;570858;
2019-02-07;571388;
2019-02-08;607871;
2019-02-09;630610;
2019-02-10;614597;
2019-02-11;543314;
2019-02-12;543607;
2019-02-13;554770;
2019-02-14;533391;
2019-02-15;614110;
2019-02-16;635048;
2019-02-17;620922;
2019-02-18;572682;
2019-02-19;545518;
2019-02-20;559958;
2019-02-21;545552;
2019-02-22;603534;
2019-02-23;624672;
2019-02-24;609501;
2019-02-25;548157;
2019-02-26;541458;
2019-02-27;552440;
2019-02-28;552326;
2019-03-01;608156;
2019-03-02;651158;
2019-03-03;636794;
2019-03-04;605420;
2019-03-05;606247;
2019-03-06;591936;
2019-03-07;611878;
2019-03-08;616811;
2019-03-09;658309;
2019-03-10;634783;
2019-03-11;565946;
2019-03-12;560701;
2019-03-13;562243;
2019-03-14;614450;
2019-03-15;651118;
2019-03-16;683952;
2019-03-17;655834;
2019-03-18;580816;
2019-03-19;569623;
2019-03-20;574208;
2019-03-21;576218;
2019-03-22;623358;
2019-03-23;640328;
2019-03-24;650464;
2019-03-25;583445;
2019-03-26;591372;
2019-03-27;589838;
2019-03-28;578916;
2019-03-29;601629;
2019-03-30;620057;
2019-03-31;631033;
2019-04-01;562121;
2019-04-02;565934;
2019-04-03;560259;
2019-04-04;565948;
2019-04-05;602699;
2019-04-06;603953;
2019-04-07;617358;
2019-04-08;558585;
2019-04-09;549433;
2019-04-10;551738;
2019-04-11;559450;
2019-04-12;603108;
2019-04-13;622852;
2019-04-14;616891;
2019-04-15;547137;
2019-04-16;547117;
2019-04-17;541109;
2019-04-18;529877;
2019-04-19;576762;
2019-04-20;574395;
2019-04-21;541089;
2019-04-22;537243;
2019-04-23;524659;
2019-04-24;515270;
2019-04-25;501579;
2019-04-26;534961;
2019-04-27;553900;
2019-04-28;583792;
2019-04-29;507100;
2019-04-30;553538;
2019-05-01;568214;
2019-05-02;543586;
2019-05-03;561108;
2019-05-04;582012;
2019-05-05;592848;
2019-05-06;511905;
2019-05-07;512842;
2019-05-08;537264;
2019-05-09;501046;
2019-05-10;530884;
2019-05-11;573543;
2019-05-12;564053;
2019-05-13;507766;
2019-05-14;509692;
2019-05-15;505588;
2019-05-16;492619;
2019-05-17;545377;
2019-05-18;581331;
2019-05-19;578137;
2019-05-20;504720;
2019-05-21;507507;
2019-05-22;518201;
2019-05-23;517583;
2019-05-24;560173;
2019-05-25;584825;
2019-05-26;581672;
2019-05-27;530025;
2019-05-28;531695;
2019-05-29;535884;
2019-05-30;562774;
2019-05-31;573692;
2019-06-01;585349;
2019-06-02;585557;
2019-06-03;526783;
2019-06-04;516888;
2019-06-05;526735;
2019-06-06;542164;
2019-06-07;538759;
2019-06-08;568071;
2019-06-09;582363;
2019-06-10;564597;
2019-06-11;546253;
2019-06-12;540656;
2019-06-13;552723;
2019-06-14;567322;
2019-06-15;587433;
2019-06-16;591839;
2019-06-17;550624;
2019-06-18;547789;
2019-06-19;561396;
2019-06-20;577440;
2019-06-21;574004;
2019-06-22;581726;
2019-06-23;588757;
2019-06-24;552351;
2019-06-25;553924;
2019-06-26;549427;
2019-06-27;547556;
2019-06-28;546089;
2019-06-29;547650;
2019-06-30;545506;
2019-07-01;537673;
2019-07-02;528779;
2019-07-03;529598;
2019-07-04;524409;
2019-07-05;539950;
2019-07-06;542013;
2019-07-07;567573;
2019-07-08;543308;
2019-07-09;546354;
2019-07-10;551439;
2019-07-11;557663;
2019-07-12;566931;
2019-07-13;569045;
2019-07-14;579696;
2019-07-15;558523;
2019-07-16;566897;
2019-07-17;549455;
2019-07-18;546245;
2019-07-19;537615;
2019-07-20;542687;
2019-07-21;558577;
2019-07-22;546700;
2019-07-23;546245;
2019-07-24;543019;
2019-07-25;554700;
2019-07-26;558518;
2019-07-27;553430;
2019-07-28;561258;
2019-07-29;553736;
2019-07-30;563644;
2019-07-31;542754;
2019-08-01;564132;
2019-08-02;566001;
2019-08-03;567354;
2019-08-04;584024;
2019-08-05;564464;
2019-08-06;559560;
2019-08-07;551299;
2019-08-08;561446;
2019-08-09;570765;
2019-08-10;582225;
2019-08-11;588516;
2019-08-12;577257;
2019-08-13;578384;
2019-08-14;577334;
2019-08-15;578682;
2019-08-16;587440;
2019-08-17;600467;
2019-08-18;625961;
2019-08-19;593590;
2019-08-20;576918;
2019-08-21;584600;
2019-08-22;581697;
2019-08-23;611524;
2019-08-24;606327;
2019-08-25;640663;
2019-08-26;612906;
2019-08-27;620818;
2019-08-28;625083;
2019-08-29;617096;
2019-08-30;634547;
2019-08-31;650734;
2019-09-01;659195;
2019-09-02;623132;
2019-09-03;588645;
2019-09-04;586540;
2019-09-05;571595;
2019-09-06;638348;
2019-09-07;691087;
2019-09-08;711947;
2019-09-09;614593;
2019-09-10;604072;
2019-09-11;608250;
2019-09-12;635520;
2019-09-13;651843;
2019-09-14;680012;
2019-09-15;697360;
2019-09-16;584654;
2019-09-17;584933;
2019-09-18;599703;
2019-09-19;604521;
2019-09-20;666234;
2019-09-21;721719;
2019-09-22;689283;
2019-09-23;587942;
2019-09-24;586083;
2019-09-25;585770;
2019-09-26;580854;
2019-09-27;646588;
2019-09-28;691200;
2019-09-29;723700;
2019-09-30;636017;
2019-10-01;606865;
2019-10-02;598929;
2019-10-03;607680;
2019-10-04;649179;
2019-10-05;702737;
2019-10-06;736095;
2019-10-07;593696;
2019-10-08;587908;
2019-10-09;592077;
2019-10-10;596661;
2019-10-11;650945;
2019-10-12;730551;
2019-10-13;696199;
2019-10-14;618794;
2019-10-15;565809;
2019-10-16;576760;
2019-10-17;579182;
2019-10-18;639583;
2019-10-19;754909;
2019-10-20;719599;
2019-10-21;609697;
2019-10-22;589634;
2019-10-23;591211;
2019-10-24;593837;
2019-10-25;646260;
2019-10-26;687657;
2019-10-27;651330;
2019-10-28;570898;
2019-10-29;562221;
2019-10-30;561445;
2019-10-31;560330;
2019-11-01;632716;
2019-11-02;667826;
2019-11-03;672470;
2019-11-04;581586;
2019-11-05;559428;
2019-11-06;565340;
2019-11-07;571773;
2019-11-08;622400;
2019-11-09;715036;
2019-11-10;629632;
2019-11-11;573425;
2019-11-12;552527;
2019-11-13;550375;
2019-11-14;567136;
2019-11-15;649848;
2019-11-16;712500;
2019-11-17;693021;
2019-11-18;573863;
2019-11-19;699297;
2019-11-20;646993;
2019-11-21;622363;
2019-11-22;691596;
2019-11-23;764438;
2019-11-24;742946;
2019-11-25;619277;
2019-11-26;596910;
2019-11-27;627368;
2019-11-28;609396;
2019-11-29;684870;
2019-11-30;759412;
2019-12-01;722402;
2019-12-02;591367;
2019-12-03;598239;
2019-12-04;624813;
2019-12-05;614239;
2019-12-06;701035;
2019-12-07;771640;
2019-12-08;746357;
2019-12-09;625454;
2019-12-10;613617;
2019-12-11;638294;
2019-12-12;608913;
2019-12-13;707912;
2019-12-14;761448;
2019-12-15;745263;
2019-12-16;618872;
2019-12-17;612331;
2019-12-18;640425;
2019-12-19;640917;
2019-12-20;715562;
2019-12-21;733293;
2019-12-22;716067;
2019-12-23;655944;
2019-12-24;636030;
2019-12-25;653216;
2019-12-26;676008;
2019-12-27;733416;
2019-12-28;742771;
2019-12-29;740118;
2019-12-30;709943;
2019-12-31;695220;
2020-01-01;694327;
2020-01-02;714555;
2020-01-03;759329;
2020-01-04;779054;
2020-01-05;768693;
2020-01-06;723301;
2020-01-07;709537;
2020-01-08;715930;
2020-01-09;692362;
2020-01-10;738802;
2020-01-11;805733;
2020-01-12;822490;
2020-01-13;694511;
2020-01-14;684222;
2020-01-15;693126;
2020-01-16;694151;
2020-01-17;729182;
2020-01-18;780679;
2020-01-19;784392;
2020-01-20;725101;
2020-01-21;700650;
2020-01-22;714086;
2020-01-23;710041;
2020-01-24;744747;
2020-01-25;755927;
2020-01-26;779615;
2020-01-27;695110;
2020-01-28;704919;
2020-01-29;725786;
2020-01-30;693848;
2020-01-31;746299;
2020-02-01;801127;
2020-02-02;828642;
2020-02-03;717757;
2020-02-04;710622;
2020-02-05;734315;
2020-02-06;745212;
2020-02-07;787521;
2020-02-08;876575;
2020-02-09;901681;
2020-02-10;767824;
2020-02-11;765911;
2020-02-12;765364;
2020-02-13;761042;
2020-02-14;769965;
2020-02-15;870940;
2020-02-16;893811;
2020-02-17;752432;
2020-02-18;747465;
2020-02-19;770785;
2020-02-20;741022;
2020-02-21;799293;
2020-02-22;866684;
2020-02-23;896092;
2020-02-24;762739;
2020-02-25;765376;
2020-02-26;779423;
2020-02-27;788179;
2020-02-28;856801;
2020-02-29;933748;
2020-03-01;925990;
2020-03-02;778860;
2020-03-03;768562;
2020-03-04;811344;
2020-03-05;789769;
2020-03-06;867924;
2020-03-07;953051;
2020-03-08;953114;
2020-03-09;808581;
2020-03-10;787841;
2020-03-11;803004;
2020-03-12;841468;
2020-03-13;936750;
2020-03-14;1007062;
2020-03-15;1024845;
2020-03-16;971220;
2020-03-17;991675;
2020-03-18;1003208;
2020-03-19;1018690;
2020-03-20;1060189;
2020-03-21;1091858;
2020-03-22;1102067;
2020-03-23;1078859;
2020-03-24;1079644;
2020-03-25;1085157;
2020-03-26;1093863;
2020-03-27;1091740;
2020-03-28;1080631;
2020-03-29;1123002;
2020-03-30;1138639;
2020-03-31;1152459;
2020-04-01;1226724;
2020-04-02;1224247;
2020-04-03;1191540;
2020-04-04;1230947;
2020-04-05;1189488;
2020-04-06;1203825;
2020-04-07;1193571;
2020-04-08;1209154;
2020-04-09;1241444;
2020-04-10;1251665;
2020-04-11;1271725;
2020-04-12;1250565;
2020-04-13;1267419;
2020-04-14;1275055;
2020-04-15;1276026;
2020-04-16;1270409;
2020-04-17;1301348;
2020-04-18;1308963;
2020-04-19;1275057;
2020-04-20;1243058;
2020-04-21;1247322;
2020-04-22;1219736;
2020-04-23;1200613;
2020-04-24;1250167;
2020-04-25;1229864;
2020-04-26;1202791;
2020-04-27;1169979;
2020-04-28;1169370;
2020-04-29;1207371;
2020-04-30;1204257;
2020-05-01;1197982;
2020-05-02;1179111;
2020-05-03;1177330;
2020-05-04;1150445;
2020-05-05;1110015;
2020-05-06;1130904;
2020-05-07;1084248;
2020-05-08;1066098;
2020-05-09;1079545;
2020-05-10;1101279;
2020-05-11;1096609;
2020-05-12;1063776;
2020-05-13;1093244;
2020-05-14;1066988;
2020-05-15;1023159;
2020-05-16;1043795;
2020-05-17;1034930;
2020-05-18;979977;
2020-05-19;1001249;
2020-05-20;964754;
2020-05-21;988808;
2020-05-22;991212;
2020-05-23;1027590;
2020-05-24;1044056;
2020-05-25;1015434;
2020-05-26;1010289;
2020-05-27;994122;
2020-05-28;1013795;
2020-05-29;1043130;
2020-05-30;1044511;
2020-05-31;1023150;
2020-06-01;1011177;
2020-06-02;937580;
2020-06-03;932760;
2020-06-04;934448;
2020-06-05;957636;
2020-06-06;929395;
2020-06-07;920203;
2020-06-08;892104;
2020-06-09;887230;
2020-06-10;891906;
2020-06-11;901667;
2020-06-12;899776;
2020-06-13;895775;
2020-06-14;903070;
2020-06-15;881845;
2020-06-16;886728;
2020-06-17;911994;
2020-06-18;911574;
2020-06-19;913403;
2020-06-20;888537;
2020-06-21;928180;
2020-06-22;907735;
2020-06-23;881345;
2020-06-24;920470;
2020-06-25;871671;
2020-06-26;857056;
2020-06-27;814327;
2020-06-28;861860;
2020-06-29;868848;
2020-06-30;842219;
2020-07-01;843328;
2020-07-02;851382;
2020-07-03;857806;
2020-07-04;828139;
2020-07-05;860341;
2020-07-06;851345;
2020-07-07;855458;
2020-07-08;861948;
2020-07-09;837672;
2020-07-10;841988;
2020-07-11;842185;
2020-07-12;852054;
2020-07-13;856898;
2020-07-14;855750;
2020-07-15;828038;
2020-07-16;836648;
2020-07-17;824560;
2020-07-18;820206;
2020-07-19;839501;
2020-07-20;842220;
2020-07-21;840672;
2020-07-22;836025;
2020-07-23;834506;
2020-07-24;829455;
2020-07-25;818275;
2020-07-26;850662;
2020-07-27;834659;
2020-07-28;836535;
2020-07-29;848767;
2020-07-30;851551;
2020-07-31;842888;
2020-08-01;827135;
2020-08-02;861813;
2020-08-03;863741;
2020-08-04;880796;
2020-08-05;831404;
2020-08-06;853520;
2020-08-07;932283;
2020-08-08;843194;
2020-08-09;853039;
2020-08-10;893174;
2020-08-11;899024;
2020-08-12;884995;
2020-08-13;876966;
2020-08-14;875455;
2020-08-15;854792;
2020-08-16;877467;
2020-08-17;868256;
2020-08-18;874622;
2020-08-19;876088;
2020-08-20;896082;
2020-08-21;880736;
2020-08-22;872493;
2020-08-23;900146;
2020-08-24;853676;
2020-08-25;870124;
2020-08-26;908704;
2020-08-27;887323;
2020-08-28;898136;
2020-08-29;884184;
2020-08-30;906097;
2020-08-31;888439;
2020-09-01;831180;
2020-09-02;835468;
2020-09-03;838798;
2020-09-04;893954;
2020-09-05;915371;
2020-09-06;921436;
2020-09-07;868058;
2020-09-08;881428;
2020-09-09;874879;
2020-09-10;883198;
2020-09-11;949174;
2020-09-12;980879;
2020-09-13;945582;
2020-09-14;877018;
2020-09-15;862722;
2020-09-16;838981;
2020-09-17;875989;
2020-09-18;933914;
2020-09-19;957983;
2020-09-20;927416;
2020-09-21;842803;
2020-09-22;842089;
2020-09-23;856608;
2020-09-24;830111;
2020-09-25;899225;
2020-09-26;892015;
2020-09-27;888767;
2020-09-28;809850;
2020-09-29;820539;
2020-09-30;858784;
2020-10-01;789179;
2020-10-02;870763;
2020-10-03;883089;
2020-10-04;904380;
2020-10-05;845419;
2020-10-06;828380;
2020-10-07;844690;
2020-10-08;825650;
2020-10-09;879815;
2020-10-10;927161;
2020-10-11;890485;
2020-10-12;823765;
2020-10-13;841109;
2020-10-14;867616;
2020-10-15;811378;
2020-10-16;921298;
2020-10-17;945280;
2020-10-18;942901;
2020-10-19;841530;
2020-10-20;853447;
2020-10-21;851483;
2020-10-22;869057;
2020-10-23;906202;
2020-10-24;943740;
2020-10-25;926943;
2020-10-26;870425;
2020-10-27;868925;
2020-10-28;894422;
2020-10-29;903157;
2020-10-30;951748;
2020-10-31;923784;
2020-11-01;938972;
2020-11-02;865559;
2020-11-03;892234;
2020-11-04;915539;
2020-11-05;900839;
2020-11-06;966137;
2020-11-07;988989;
2020-11-08;972546;
2020-11-09;891145;
2020-11-10;902533;
2020-11-11;892001;
2020-11-12;885755;
2020-11-13;980079;
2020-11-14;1011452;
2020-11-15;993613;
2020-11-16;910911;
2020-11-17;925392;
2020-11-18;926887;
2020-11-19;907302;
2020-11-20;1027398;
2020-11-21;1040051;
2020-11-22;1029560;
2020-11-23;935172;
2020-11-24;928674;
2020-11-25;907850;
2020-11-26;925227;
2020-11-27;957979;
2020-11-28;1032509;
2020-11-29;998892;
2020-11-30;911943;
2020-12-01;901058;
2020-12-02;906912;
2020-12-03;918924;
2020-12-04;1168240;
2020-12-05;1169661;
2020-12-06;1129059;
2020-12-07;1013570;
2020-12-08;985934;
2020-12-09;1008334;
2020-12-10;925996;
2020-12-11;971683;
2020-12-12;1089094;
2020-12-13;1062017;
2020-12-14;968998;
2020-12-15;956429;
2020-12-16;980020;
2020-12-17;973337;
2020-12-18;1023525;
2020-12-19;1078252;
2020-12-20;1045197;
2020-12-21;977794;
2020-12-22;969469;
2020-12-23;1015643;
2020-12-24;977827;
2020-12-25;1020927;
2020-12-26;1086537;
2020-12-27;1067109;
2020-12-28;1033854;
2020-12-29;1033375;
2020-12-30;1056057;
2020-12-31;982583;
2021-01-01;1020715;
2021-01-02;1079804;
2021-01-03;1067795;
2021-01-04;1047477;
2021-01-05;1049455;
2021-01-06;1072613;
2021-01-07;1054597;
2021-01-08;1051904;
2021-01-09;1071693;
2021-01-10;1062232;
2021-01-11;991280;
2021-01-12;995788;
2021-01-13;998932;
2021-01-14;985870;
2021-01-15;1018160;
2021-01-16;1079783;
2021-01-17;1080127;
2021-01-18;987532;
2021-01-19;986711;
2021-01-20;1013052;
2021-01-21;1012235;
2021-01-22;1060724;
2021-01-23;1107826;
2021-01-24;1118387;
2021-01-25;1016356;
2021-01-26;1018800;
2021-01-27;1043216;
2021-01-28;1053503;
2021-01-29;1076999;
2021-01-30;1115786;
2021-01-31;1125411;
2021-02-01;1027088;
2021-02-02;1008757;
2021-02-03;1029603;
2021-02-04;1013800;
2021-02-05;1039577;
2021-02-06;1075574;
2021-02-07;1119604;
2021-02-08;1020802;
2021-02-09;1020303;
2021-02-10;1029544;
2021-02-11;1036074;
2021-02-12;1051602;
2021-02-13;1045646;
2021-02-14;1036840;
2021-02-15;1030571;
2021-02-16;1049741;
2021-02-17;1061470;
2021-02-18;1054605;
2021-02-19;1070445;
2021-02-20;1109654;
2021-02-21;1118611;
2021-02-22;1094706;
2021-02-23;1070591;
2021-02-24;1053941;
2021-02-25;1046663;
2021-02-26;1054435;
2021-02-27;1125838;
2021-02-28;1111889;
2021-03-01;1023120;
2021-03-02;1003860;
2021-03-03;1028293;
2021-03-04;1036729;
2021-03-05;1131887;
2021-03-06;1168536;
2021-03-07;1158039;
2021-03-08;1106575;
2021-03-09;1059727;
2021-03-10;1082860;
2021-03-11;1093173;
2021-03-12;1172585;
2021-03-13;1201993;
2021-03-14;1178958;
2021-03-15;1061596;
2021-03-16;1053151;
2021-03-17;1108228;
2021-03-18;1097727;
2021-03-19;1144971;
2021-03-20;1186105;
2021-03-21;1181114;
2021-03-22;1094711;
2021-03-23;1093322;
2021-03-24;1073382;
2021-03-25;1073766;
2021-03-26;1117310;
2021-03-27;1124240;
2021-03-28;1122312;
2021-03-29;1046706;
2021-03-30;1036758;
2021-03-31;1033211;
2021-04-01;1053509;
2021-04-02;1110758;
2021-04-03;1138311;
2021-04-04;1150982;
2021-04-05;1096738;
2021-04-06;1085149;
2021-04-07;1070209;
2021-04-08;1079320;
2021-04-09;1129251;
2021-04-10;1145336;
2021-04-11;1101657;
2021-04-12;1030824;
2021-04-13;1032624;
2021-04-14;959823;
2021-04-15;1048821;
2021-04-16;1112625;
2021-04-17;1122110;
2021-04-18;1088805;
2021-04-19;1005473;
2021-04-20;1009295;
2021-04-21;1015810;
2021-04-22;1020824;
2021-04-23;1127729;
2021-04-24;1102251;
2021-04-25;1115863;
2021-04-26;1012853;
2021-04-27;1025198;
2021-04-28;992049;
2021-04-29;972781;
2021-04-30;1022875;
2021-05-01;952439;
2021-05-02;977703;
2021-05-03;988108;
2021-05-04;1088168;
2021-05-05;1040111;
2021-05-06;1016313;
2021-05-07;978012;
2021-05-08;1029897;
2021-05-09;981130;
2021-05-10;968851;
2021-05-11;943235;
2021-05-12;964303;
2021-05-13;986626;
2021-05-14;1006940;
2021-05-15;1030227;
2021-05-16;1020628;
2021-05-17;918526;
2021-05-18;926647;
2021-05-19;935159;
2021-05-20;937617;
2021-05-21;953534;
2021-05-22;998970;
2021-05-23;963175;
2021-05-24;931911;
2021-05-25;914002;
2021-05-26;935117;
2021-05-27;933185;
2021-05-28;940497;
2021-05-29;970800;
2021-05-30;956249;
2021-05-31;898663;
2021-06-01;892929;
2021-06-02;910117;
2021-06-03;929940;
2021-06-04;918403;
2021-06-05;891795;
2021-06-06;890085;
2021-06-07;836590;
2021-06-08;819509;
2021-06-09;837448;
2021-06-10;843785;
2021-06-11;833109;
2021-06-12;828350;
2021-06-13;852807;
2021-06-14;803038;
2021-06-15;788472;
2021-06-16;775388;
2021-06-17;773086;
2021-06-18;824114;
2021-06-19;775987;
2021-06-20;806350;
2021-06-21;791727;
2021-06-22;788748;
2021-06-23;772009;
2021-06-24;789025;
2021-06-25;797678;
2021-06-26;782173;
2021-06-27;769535;
2021-06-28;748956;
2021-06-29;754001;
2021-06-30;758774;
2021-07-01;756820;
2021-07-02;763249;
2021-07-03;766510;
2021-07-04;758622;
2021-07-05;751053;
2021-07-06;730528;
2021-07-07;739924;
2021-07-08;721844;
2021-07-09;699940;
2021-07-10;717506;
2021-07-11;737835;
2021-07-12;727427;
2021-07-13;732964;
2021-07-14;721986;
2021-07-15;719045;
2021-07-16;716694;
2021-07-17;722621;
2021-07-18;739355;
2021-07-19;733470;
2021-07-20;729240;
2021-07-21;727854;
2021-07-22;722573;
2021-07-23;735572;
2021-07-24;728882;
2021-07-25;752672;
2021-07-26;729177;
2021-07-27;724546;
2021-07-28;731578;
2021-07-29;735700;
2021-07-30;735589;
2021-07-31;737865;
2021-08-01;730208;
2021-08-02;735987;
2021-08-03;733646;
2021-08-04;746905;
2021-08-05;739455;
2021-08-06;758084;
2021-08-07;759183;
2021-08-08;778303;
2021-08-09;741799;
2021-08-10;741606;
2021-08-11;742259;
2021-08-12;736536;
2021-08-13;726366;
2021-08-14;727424;
2021-08-15;766406;
2021-08-16;739473;
2021-08-17;736982;
2021-08-18;747855;
2021-08-19;751249;
2021-08-20;754472;
2021-08-21;765017;
2021-08-22;781459;
2021-08-23;760504;
2021-08-24;762306;
2021-08-25;761705;
2021-08-26;772924;
2021-08-27;772319;
2021-08-28;769218;
2021-08-29;804133;
2021-08-30;780285;
2021-08-31;763104;
2021-09-01;741011;
2021-09-02;719796;
2021-09-03;768149;
2021-09-04;815090;
2021-09-05;799078;
2021-09-06;733141;
2021-09-07;726125;
2021-09-08;726141;
2021-09-09;722206;
2021-09-10;774125;
2021-09-11;822506;
2021-09-12;803251;
2021-09-13;740533;
2021-09-14;742765;
2021-09-15;746009;
2021-09-16;769913;
2021-09-17;793807;
2021-09-18;866697;
2021-09-19;889242;
2021-09-20;805124;
2021-09-21;752135;
2021-09-22;949817;
2021-09-23;875772;
2021-09-24;913367;
2021-09-25;895908;
2021-09-26;873386;
2021-09-27;775285;
2021-09-28;757827;
2021-09-29;801358;
2021-09-30;821019;
2021-10-01;812501;
2021-10-02;832243;
2021-10-03;866030;
2021-10-04;777988;
2021-10-05;789100;
2021-10-06;798637;
2021-10-07;761673;
2021-10-08;759077;
2021-10-09;851986;
2021-10-10;826577;
2021-10-11;715717;
2021-10-12;703559;
2021-10-13;735500;
2021-10-14;739776;
2021-10-15;787298;
2021-10-16;817181;
2021-10-17;763733;
2021-10-18;684589;
2021-10-19;696380;
2021-10-20;721991;
2021-10-21;716013;
2021-10-22;794754;
2021-10-23;822157;
2021-10-24;803183;
2021-10-25;713094;
2021-10-26;750923;
2021-10-27;770805;
2021-10-28;749557;
2021-10-29;850162;
2021-10-30;842336;
2021-10-31;799451;
2021-11-01;781083;
2021-11-02;790510;
2021-11-03;810291;
2021-11-04;791542;
2021-11-05;854228;
2021-11-06;796715;
2021-11-07;878192;
2021-11-08;775266;
2021-11-09;763398;
2021-11-10;777281;
2021-11-11;770276;
2021-11-12;857244;
2021-11-13;904117;
2021-11-14;870591;
2021-11-15;761068;
2021-11-16;746214;
2021-11-17;815502;
2021-11-18;811481;
2021-11-19;862191;
2021-11-20;944330;
2021-11-21;880722;
2021-11-22;772757;
2021-11-23;778520;
2021-11-24;787463;
2021-11-25;775470;
2021-11-26;873301;
2021-11-27;941571;
2021-11-28;915791;
2021-11-29;801498;
2021-11-30;812826;
2021-12-01;830006;
2021-12-02;735739;
2021-12-03;876314;
2021-12-04;935232;
2021-12-05;950586;
2021-12-06;802622;
2021-12-07;808506;
2021-12-08;825641;
2021-12-09;810138;
2021-12-10;886487;
2021-12-11;938618;
2021-12-12;887983;
2021-12-13;773226;
2021-12-14;783556;
2021-12-15;731836;
2021-12-16;743366;
2021-12-17;807333;
2021-12-18;905816;
2021-12-19;802709;
2021-12-20;760785;
2021-12-21;801759;
2021-12-22;795569;
2021-12-23;765477;
2021-12-24;842137;
2021-12-25;822397;
2021-12-26;795472;
2021-12-27;782192;
2021-12-28;784752;
2021-12-29;811521;
2021-12-30;804141;
2021-12-31;779880;
2022-01-01;798402;
2022-01-02;867147;
2022-01-03;802899;
2022-01-04;804344;
2022-01-05;803469;
2022-01-06;797182;
2022-01-07;830034;
2022-01-08;869250;
2022-01-09;881051;
2022-01-10;745151;
2022-01-11;783116;
2022-01-12;730785;
2022-01-13;759311;
2022-01-14;819812;
2022-01-15;890445;
2022-01-16;906996;
2022-01-17;792579;
2022-01-18;797267;
2022-01-19;812721;
2022-01-20;825195;
2022-01-21;952320;
2022-01-22;983565;
2022-01-23;992455;
2022-01-24;897652;
2022-01-25;896113;
2022-01-26;899565;
2022-01-27;911275;
2022-01-28;913875;
2022-01-29;958585;
2022-01-30;969791;
2022-01-31;872819;
2022-02-01;867099;
2022-02-02;851602;
2022-02-03;855215;
2022-02-04;892056;
2022-02-05;930346;
2022-02-06;964971;
2022-02-07;892332;
2022-02-08;897336;
2022-02-09;907026;
2022-02-10;912317;
2022-02-11;933423;
2022-02-12;959550;
2022-02-13;989793;
2022-02-14;848698;
2022-02-15;866853;
2022-02-16;860331;
2022-02-17;858437;
2022-02-18;895336;
2022-02-19;979369;
2022-02-20;979085;
2022-02-21;867644;
2022-02-22;886195;
2022-02-23;898714;
2022-02-24;840791;
2022-02-25;904216;
2022-02-26;982577;
2022-02-27;997730;
2022-02-28;870951;
2022-03-01;878083;
2022-03-02;865411;
2022-03-03;833370;
2022-03-04;921636;
2022-03-05;992082;
2022-03-06;963573;
2022-03-07;846631;
2022-03-08;852533;
2022-03-09;823266;
2022-03-10;837396;
2022-03-11;933990;
2022-03-12;993808;
2022-03-13;970574;
2022-03-14;837287;
2022-03-15;833236;
2022-03-16;819213;
2022-03-17;865219;
2022-03-18;929397;
2022-03-19;992661;
2022-03-20;961741;
2022-03-21;859106;
2022-03-22;862378;
2022-03-23;861039;
2022-03-24;867249;
2022-03-25;930974;
2022-03-26;988497;
2022-03-27;974648;
2022-03-28;860604;
2022-03-29;845448;
2022-03-30;834647;
2022-03-31;857775;
2022-04-01;907091;
2022-04-02;988925;
2022-04-03;1016762;
2022-04-04;889897;
2022-04-05;837758;
2022-04-06;831510;
2022-04-07;823134;
2022-04-08;890740;
2022-04-09;953968;
2022-04-10;944287;
2022-04-11;831263;
2022-04-12;863370;
2022-04-13;851853;
2022-04-14;852106;
2022-04-15;949209;
2022-04-16;914970;
2022-04-17;910203;
2022-04-18;850323;
2022-04-19;822907;
2022-04-20;839444;
2022-04-21;836345;
2022-04-22;891414;
2022-04-23;904636;
2022-04-24;896548;
2022-04-25;844499;
2022-04-26;800360;
2022-04-27;829757;
2022-04-28;842477;
2022-04-29;867334;
2022-04-30;902768;
2022-05-01;896132;
2022-05-02;864464;
2022-05-03;876108;
2022-05-04;820351;
2022-05-05;816955;
2022-05-06;814973;
2022-05-07;903568;
2022-05-08;884024;
2022-05-09;815555;
2022-05-10;814410;
2022-05-11;807177;
2022-05-12;801251;
2022-05-13;826123;
2022-05-14;817740;
2022-05-15;833411;
2022-05-16;786069;
2022-05-17;799740;
2022-05-18;832306;
2022-05-19;835022;
2022-05-20;815825;
2022-05-21;875790;
2022-05-22;875257;
2022-05-23;833705;
2022-05-24;799406;
2022-05-25;823253;
2022-05-26;858965;
2022-05-27;914368;
2022-05-28;932681;
2022-05-29;886821;
2022-05-30;823790;
2022-05-31;835938;
2022-06-01;809755;
2022-06-02;857481;
2022-06-03;844840;
2022-06-04;873635;
2022-06-05;884564;
2022-06-06;854341;
2022-06-07;836077;
2022-06-08;830607;
2022-06-09;812338;
2022-06-10;878625;
2022-06-11;902934;
2022-06-12;887863;
2022-06-13;840048;
2022-06-14;830677;
2022-06-15;787131;
2022-06-16;815691;
2022-06-17;874841;
2022-06-18;888644;
2022-06-19;906968;
2022-06-20;872130;
2022-06-21;868270;
2022-06-22;860313;
2022-06-23;820734;
2022-06-24;818548;
2022-06-25;833198;
2022-06-26;855647;
2022-06-27;817909;
2022-06-28;812268;
2022-06-29;798738;
2022-06-30;808462;
2022-07-01;821872;
2022-07-02;901496;
2022-07-03;881860;
2022-07-04;841259;
2022-07-05;829798;
2022-07-06;842990;
2022-07-07;839525;
2022-07-08;829474;
2022-07-09;841238;
2022-07-10;864271;
2022-07-11;845782;
2022-07-12;848298;
2022-07-13;831308;
2022-07-14;838217;
2022-07-15;824655;
2022-07-16;825424;
2022-07-17;881284;
2022-07-18;876251;
2022-07-19;874214;
2022-07-20;857109;
2022-07-21;864113;
2022-07-22;896012;
2022-07-23;877675;
2022-07-24;895357;
2022-07-25;885085;
2022-07-26;887220;
2022-07-27;886328;
2022-07-28;900249;
2022-07-29;891072;
2022-07-30;894774;
2022-07-31;928329;
2022-08-01;889822;
2022-08-02;927907;
2022-08-03;906948;
2022-08-04;881757;
2022-08-05;910838;
2022-08-06;904151;
2022-08-07;936670;
2022-08-08;919166;
2022-08-09;713107;
2022-08-10;882486;
2022-08-11;886021;
2022-08-12;884195;
2022-08-13;895423;
2022-08-14;925109;
2022-08-15;909721;
2022-08-16;936431;
2022-08-17;1039889;
2022-08-18;987884;
2022-08-19;976632;
2022-08-20;999043;
2022-08-21;1010603;
2022-08-22;986054;
2022-08-23;991521;
2022-08-24;964145;
2022-08-25;958536;
2022-08-26;947881;
2022-08-27;966390;
2022-08-28;1025980;
2022-08-29;1013093;
2022-08-30;993654;
2022-08-31;980503;
2022-09-01;960712;
2022-09-02;993276;
2022-09-03;1029453;
2022-09-04;1035897;
2022-09-05;950916;
2022-09-06;941706;
2022-09-07;939398;
2022-09-08;938845;
2022-09-09;1016382;
2022-09-10;1029224;
2022-09-11;1062931;
2022-09-12;943540;
2022-09-13;932805;
2022-09-14;941634;
2022-09-15;948562;
2022-09-16;1030797;
2022-09-17;1103223;
2022-09-18;1077583;
2022-09-19;967100;
2022-09-20;938549;
2022-09-21;937102;
2022-09-22;933443;
2022-09-23;997564;610643
2022-09-24;1066689;684377
2022-09-25;1029255;658538
2022-09-26;921864;560719
2022-09-27;925270;556254
2022-09-28;909753;552227
2022-09-29;921840;563848
2022-09-30;993507;618822
2022-10-01;1024497;693124
2022-10-02;1049806;688837
2022-10-03;975115;627915
2022-10-04;956481;605834
2022-10-05;966040;606947
2022-10-06;947347;598249
2022-10-07;954774;611230
2022-10-08;989650;627955
2022-10-09;1007712;617919
2022-10-10;921957;563654
2022-10-11;918764;547490
2022-10-12;910096;545161
2022-10-13;915953;540973
2022-10-14;996018;599013
2022-10-15;1035036;664917
2022-10-16;998179;640877
2022-10-17;921393;548853
2022-10-18;920633;548990
2022-10-19;935161;564599
2022-10-20;949319;575317
2022-10-21;1017700;618210
2022-10-22;1090858;688873
2022-10-23;1050184;674838
2022-10-24;956805;584957
2022-10-25;951850;581415
2022-10-26;944075;564248
2022-10-27;974044;579658
2022-10-28;1027004;628793
2022-10-29;1036937;671332
2022-10-30;1020617;660936
2022-10-31;922970;577754
2022-11-01;942968;585263
2022-11-02;932946;582136
2022-11-03;945721;595162
2022-11-04;1045002;658674
2022-11-05;1076999;693196
2022-11-06;1051449;674189
2022-11-07;930818;586114
2022-11-08;949775;584440
2022-11-09;956606;586782
2022-11-10;948412;567670
2022-11-11;1040817;633687
2022-11-12;1105409;708622
2022-11-13;1103567;704381
2022-11-14;962564;592657
2022-11-15;980062;593145
2022-11-16;948658;562887
2022-11-17;959421;576887
2022-11-18;1045988;650366
2022-11-19;1132952;732316
2022-11-20;1079232;696015
2022-11-21;881434;601966
2022-11-22;956040;592985
2022-11-23;853328;580032
2022-11-24;861593;572549
2022-11-25;981008;629045
2022-11-26;1053250;704696
2022-11-27;1041487;663596
2022-11-28;925029;591172
2022-11-29;936314;592100
2022-11-30;930612;572001
2022-12-01;912225;578714
2022-12-02;992543;632267
2022-12-03;1067327;700944
2022-12-04;1050857;678663
2022-12-05;921228;571347
2022-12-06;729765;540140
2022-12-07;919652;592391
2022-12-08;894986;585208
2022-12-09;938776;600558
2022-12-10;1001231;656157
2022-12-11;972857;651542
2022-12-12;856206;579380
2022-12-13;852245;575957
2022-12-14;857848;559341
2022-12-15;865205;578675
2022-12-16;916129;625511
2022-12-17;970767;662250
2022-12-18;996584;641351
2022-12-19;870627;595830
2022-12-20;879829;600828
2022-12-21;900135;610114
2022-12-22;923641;641231
2022-12-23;952527;666254
2022-12-24;980649;667773
2022-12-25;961107;653337
2022-12-26;935407;650363
2022-12-27;932387;655206
2022-12-28;973174;678600
2022-12-29;979704;682568
2022-12-30;1011922;707879
2022-12-31;950459;663924
2023-01-01;969910;675696
2023-01-02;997255;702234
2023-01-03;998290;688809
2023-01-04;1018520;697290
2023-01-05;1000680;693185
2023-01-06;1066254;708740
2023-01-07;1088544;750961
2023-01-08;1133708;754917
2023-01-09;1049338;723331
2023-01-10;1089371;737753
2023-01-11;1050932;691963
2023-01-12;994121;677683
2023-01-13;1026134;700714
2023-01-14;1084042;746360
2023-01-15;1125630;754234
2023-01-16;949073;662489
2023-01-17;996052;690587
2023-01-18;974806;678761
2023-01-19;988367;699060
2023-01-20;997149;719542
2023-01-21;1005266;744742
2023-01-22;1090554;776063
2023-01-23;970396;710158
2023-01-24;998693;728175
2023-01-25;1002360;719097
2023-01-26;1033959;740002
2023-01-27;1072984;764087
2023-01-28;1150643;813596
2023-01-29;1200077;821765
2023-01-30;1074059;758702
2023-01-31;1091825;751620
2023-02-01;1070455;740573
2023-02-02;1115945;774577
2023-02-03;1123605;782793
2023-02-04;1218863;869706
2023-02-05;1250740;852865
2023-02-06;1101798;763902
2023-02-07;1090329;746627
2023-02-08;1103009;742617
2023-02-09;1101682;750526
2023-02-10;1275074;871169
2023-02-11;1320219;911460
2023-02-12;1299983;871467
2023-02-13;1170750;779669
2023-02-14;1120722;737329
2023-02-15;1162649;749327
2023-02-16;1167926;748871
2023-02-17;1237913;815300
2023-02-18;1316929;874161
2023-02-19;1324800;874817
2023-02-20;1200370;767616
2023-02-21;1222001;774024
2023-02-22;1237108;782716
2023-02-23;1255789;802649
2023-02-24;1295397;840331
2023-02-25;1349390;910498
2023-02-26;1355797;881070
2023-02-27;1189343;749893
2023-02-28;1218697;749434
2023-03-01;1211398;734763
2023-03-02;1219977;759967
2023-03-03;1279192;813977
2023-03-04;1365274;912437
2023-03-05;1378447;900935
2023-03-06;1216801;766127
2023-03-07;1246598;779845
2023-03-08;1251723;767797
2023-03-09;1272100;775984
2023-03-10;1342214;861156
2023-03-11;1420183;948816
2023-03-12;1410348;924108
2023-03-13;1255606;784679
2023-03-14;1256684;775579
2023-03-15;1254108;759242
2023-03-16;1277046;785477
2023-03-17;1326562;830925
2023-03-18;1379598;937911
2023-03-19;1363586;901227
2023-03-20;1250196;778758
2023-03-21;1255930;776421
2023-03-22;1288691;824273
2023-03-23;1404115;885595
2023-03-24;1415826;904283
2023-03-25;1507212;1024694
2023-03-26;1519457;994836
2023-03-27;1362176;854395
2023-03-28;1402070;852673
2023-03-29;1347642;810355
2023-03-30;1375866;822168
2023-03-31;1427632;882565
2023-04-01;1476961;1013328
2023-04-02;1511946;996345
2023-04-03;1397017;865835
2023-04-04;1449552;896691
2023-04-05;1381271;926891
2023-04-06;1419084;893633
2023-04-07;1459519;950948
2023-04-08;1448795;998518
2023-04-09;1393830;962258
2023-04-10;1411321;879664
2023-04-11;1369609;848384
2023-04-12;1365336;811962
2023-04-13;1369354;807924
2023-04-14;1491992;924051
2023-04-15;1514410;1038333
2023-04-16;1487327;1008915
2023-04-17;1379517;862953
2023-04-18;1392057;856722
2023-04-19;1409711;866672
2023-04-20;1400005;840301
2023-04-21;1457137;916593
2023-04-22;1447888;974298
2023-04-23;1492061;942155
2023-04-24;1397249;865622
2023-04-25;1458950;901693
2023-04-26;1375872;838989
2023-04-27;1365255;874480
2023-04-28;1351441;935357
2023-04-29;1337968;1002908
2023-04-30;1438597;1076400
2023-05-01;1456155;1071296
2023-05-02;1364238;980688
2023-05-03;1463272;949101
2023-05-04;1486111;939901
2023-05-05;1557335;1039355
2023-05-06;1818773;1247750
2023-05-07;1804106;1286555
2023-05-08;1756413;1197272
2023-05-09;1739486;1153450
2023-05-10;1739961;1158902
2023-05-11;1736895;1162702
2023-05-12;1785902;1208121
2023-05-13;1759286;1306150
2023-05-14;1755997;1288984
2023-05-15;1653050;1157639
2023-05-16;1718018;1126862
2023-05-17;1729209;1159686
2023-05-18;1647193;1157097
2023-05-19;1710424;1205565
2023-05-20;1670185;1281208
2023-05-21;1721980;1267892
2023-05-22;1686119;1070128
2023-05-23;1725850;1118549
2023-05-24;1681693;1051032
2023-05-25;1451829;998461
2023-05-26;1477893;1032447
2023-05-27;1473425;1082176
2023-05-28;1450426;1034564
2023-05-29;1462950;944887
2023-05-30;1419313;962614
2023-05-31;1401031;968287
2023-06-01;1343329;971204
2023-06-02;1467207;1022747
2023-06-03;1463722;1094579
2023-06-04;1610423;1151975
2023-06-05;1494648;1122229
2023-06-06;1541716;1094189
2023-06-07;1564875;1109191
2023-06-08;1661663;1218225
2023-06-09;1673717;1248650
2023-06-10;1616238;1254990
2023-06-11;1565127;1182914
2023-06-12;1541543;1127795
2023-06-13;1457653;1044876
2023-06-14;1452362;1070342
2023-06-15;1488731;1108853
2023-06-16;1527247;1062126
2023-06-17;1550615;1197511
2023-06-18;1529825;1166065
2023-06-19;1449803;1091550
2023-06-20;1442260;1055674
2023-06-21;1516475;1096870
2023-06-22;1470109;1129043
2023-06-23;1434072;1096778
2023-06-24;1448228;1104511
2023-06-25;1445136;1064009
2023-06-26;1401751;977039
2023-06-27;1453177;996514
2023-06-28;1175525;920105
2023-06-29;1160720;866089
2023-06-30;1218748;914375
2023-07-01;1229115;939671
2023-07-02;1226527;937449
2023-07-03;1183652;882837
2023-07-04;1170509;889042
2023-07-05;1182637;896660
2023-07-06;1166169;884948
2023-07-07;1180836;896470
2023-07-08;1190186;926758
2023-07-09;1160572;914592
2023-07-10;1116339;859594
2023-07-11;1145971;858282
2023-07-12;1109865;810109
2023-07-13;1079556;812347
2023-07-14;1083053;818209
2023-07-15;1154497;877262
2023-07-16;1179205;928938
2023-07-17;1143639;894951
2023-07-18;1143205;862417
2023-07-19;1147030;879415
2023-07-20;1092158;841953
2023-07-21;1180188;891849
2023-07-22;1180493;895399
2023-07-23;1200792;923424
2023-07-24;1152959;876704
2023-07-25;1164352;851699
2023-07-26;1155810;822666
2023-07-27;1142685;854028
2023-07-28;1175999;887601
2023-07-29;1175966;908255
2023-07-30;1198103;922792
2023-07-31;1143291;869529
2023-08-01;1152051;847519
2023-08-02;1161160;872618
2023-08-03;1194185;881507
2023-08-04;1164780;891804
2023-08-05;1174119;910879
2023-08-06;1217170;935813
2023-08-07;1203266;911020
2023-08-08;1212073;877528
2023-08-09;1175387;863183
2023-08-10;1183550;898325
2023-08-11;1168883;852094
2023-08-12;1219495;935787
2023-08-13;1258559;973806
2023-08-14;1210922;929790
2023-08-15;1199404;897668
2023-08-16;1203324;895068
2023-08-17;1275682;959378
2023-08-18;1196966;934078
2023-08-19;1256687;970770
2023-08-20;1253677;971395
2023-08-21;1210335;932901
2023-08-22;1210960;886527
2023-08-23;1235378;914853
2023-08-24;1292907;967622
2023-08-25;1293495;975081
2023-08-26;1297365;989362
2023-08-27;1369511;1022732
2023-08-28;1264878;928297
2023-08-29;1251061;891932
2023-08-30;1333931;933133
2023-08-31;925788;933133
